area_sqft,bedrooms,bathrooms,location_score,property_age,distance_city_km,near_school,near_metro,crime_rate_index,sale_year,sale_month,actual_price,pred_ridge,pred_lasso,pred_decision_tree,pred_random_forest,pred_svr_linear,pred_svr_rbf,best_pred
1342.0,2.0,2.0,4.2,12.0,14.7,1.0,1.0,9.22,2012.0,9.0,11785035,10803499.144750109,10813099.896006545,12274421.35,12090091.290136266,3040.000000000037,19886083.344705,12090091.290136266
2328.0,6.0,6.0,4.2,8.0,19.5,0.0,1.0,3.22,2022.0,6.0,22027660,25696999.708591472,25616588.29418235,19426701.4,21258898.423200596,3039.9999999998718,19891465.6246212,21258898.423200596
1985.0,4.0,3.0,5.7,16.0,19.5,0.0,1.0,4.27,2022.0,3.0,25934680,23069078.37607099,23084288.86339491,20886841.23529412,22384992.539926115,3039.9999999998786,19888839.408747606,22384992.539926115
1822.0,3.0,2.0,7.3,49.0,10.4,1.0,0.0,4.02,2014.0,1.0,23575933,21680169.159002427,21748121.192259356,22467712.95652174,23206338.658585116,3040.000000000057,19887751.547569185,23206338.658585116
2180.0,5.0,4.0,8.7,21.0,8.0,0.0,1.0,7.55,2010.0,1.0,37038561,30853367.896365393,30882571.813051928,30787694.533333335,32221070.51181633,3040.000000000127,19891162.49422028,32221070.51181633
824.0,2.0,2.0,3.5,16.0,19.7,0.0,1.0,1.69,2014.0,4.0,6256815,3595761.9995556884,3554695.2596797384,6659903.0,7274978.557652666,3040.0000000000314,19884829.371184267,7274978.557652666
2014.0,4.0,3.0,8.7,30.0,5.4,0.0,0.0,6.52,2013.0,2.0,29760172,28139309.35310855,28199723.795555666,29194194.04255319,29860022.363659993,3040.000000000078,19890063.806666285,29860022.363659993
1820.0,4.0,4.0,10.0,24.0,1.6,1.0,0.0,4.11,2019.0,5.0,26583923,29826863.954633858,29802171.59493295,28644810.85714286,28750050.570856567,3039.999999999992,19890811.09566925,28750050.570856567
2650.0,5.0,4.0,8.3,10.0,4.6,1.0,0.0,4.26,2018.0,2.0,47238485,36904331.78457173,36926200.680992916,39535490.058823526,37930380.482636735,3039.999999999992,19892019.876605522,37930380.482636735
800.0,1.0,1.0,4.7,31.0,18.3,1.0,1.0,1.27,2020.0,10.0,8463759,5099012.021644358,5064581.483773697,8450852.444444444,7364998.594479785,3039.9999999999304,19884168.14740985,7364998.594479785
2455.0,5.0,4.0,7.0,4.0,9.0,1.0,1.0,2.05,2014.0,6.0,42477305,32139494.592645608,32104663.24028288,33553569.16129032,32404174.330823865,3040.0000000000678,19891281.661760747,32404174.330823865
1783.0,4.0,4.0,5.2,16.0,15.9,1.0,1.0,4.05,2010.0,9.0,20808995,19085793.02761773,19040811.94731659,20649704.620689657,19504932.020776767,3040.000000000112,19888921.56417397,19504932.020776767
2039.0,5.0,3.0,5.4,31.0,5.8,0.0,1.0,3.23,2011.0,1.0,22718689,21871618.21412568,21835614.748763353,21656145.23809524,21691887.33277659,3040.000000000108,19889623.54096213,21691887.33277659
1292.0,2.0,2.0,5.1,10.0,18.3,0.0,1.0,3.37,2015.0,9.0,12761526,12783149.738090195,12792204.13658185,13638902.5,13662626.767746696,3040.0000000000173,19886023.15101922,13662626.767746696
2913.0,6.0,4.0,4.9,16.0,16.8,0.0,0.0,7.31,2012.0,9.0,32202922,32064848.711827233,32110690.75117976,26347685.181818184,29231676.57487765,3040.000000000049,19891590.48788449,29231676.57487765
1562.0,3.0,3.0,5.4,8.0,11.0,0.0,0.0,5.54,2017.0,11.0,20619579,17148570.484095804,17137080.723233808,15512679.384615384,17284071.2791819,3039.9999999999754,19888092.569507923,17284071.2791819
1769.0,3.0,3.0,7.8,36.0,15.6,1.0,0.0,4.46,2014.0,4.0,21562871,22983051.55949652,23046486.842516705,22467712.95652174,23842037.4751928,3040.0000000000537,19888295.392934225,23842037.4751928
1261.0,3.0,3.0,5.0,19.0,13.8,0.0,1.0,6.38,2018.0,3.0,12348473,12244701.832037916,12219451.006596088,11174567.5,12374678.310657093,3039.999999999944,19887187.44159284,12374678.310657093
2157.0,5.0,3.0,8.3,20.0,10.0,1.0,0.0,5.76,2017.0,10.0,31835221,30160618.048227336,30139037.712097574,30787694.533333335,30060668.037836485,3039.9999999999977,19890721.57446725,30060668.037836485
1881.0,3.0,3.0,2.8,34.0,30.3,1.0,1.0,3.49,2022.0,7.0,15205024,14580882.152468694,14608319.460806154,14044329.81081081,14216421.11950347,3039.9999999998486,19886745.818149235,14216421.11950347
2562.0,5.0,5.0,3.8,39.0,19.2,1.0,0.0,3.34,2012.0,6.0,19943872,24665284.60558437,24689933.72542624,19426701.4,23462552.866277352,3040.000000000061,19890342.083765388,23462552.866277352
518.0,1.0,1.0,5.2,24.0,27.8,1.0,1.0,4.96,2015.0,7.0,4837605,2495785.651703518,2496604.4916824624,4113720.037037037,4176212.188821316,3039.9999999999995,19883577.538581625,4176212.188821316
2088.0,4.0,3.0,10.0,9.0,1.8,1.0,0.0,5.8,2016.0,7.0,37982722,33202519.79747429,33212350.009973362,32304630.727272727,33131932.36543586,3040.0000000000396,19890775.17642251,33131932.36543586
1663.0,4.0,3.0,3.3,30.0,12.9,1.0,0.0,0.5,2020.0,8.0,14955618,13598343.343548052,13509790.948307328,18535646.80952381,13764450.878209405,3039.999999999927,19887754.28718175,13764450.878209405
732.0,1.0,1.0,10.0,21.0,6.3,1.0,0.0,4.39,2022.0,2.0,11489571,15834553.752343513,15850875.184146201,8200115.705882353,8935253.539643016,3039.9999999999286,19885979.07614163,8935253.539643016
3170.0,6.0,5.0,4.9,21.0,17.4,1.0,0.0,4.24,2017.0,7.0,33967491,35671584.105945334,35705304.062645994,26347685.181818184,29427382.06162686,3039.9999999999695,19892278.509253025,29427382.06162686
1352.0,4.0,3.0,3.8,29.0,11.7,1.0,1.0,0.5,2018.0,9.0,12098585,11005984.009175343,10865642.308385286,11332276.55,10925145.80980096,3039.9999999999714,19887462.522987846,10925145.80980096
2233.0,6.0,5.0,6.2,25.0,17.3,1.0,0.0,2.92,2015.0,11.0,29478674,27119535.11255393,27046915.674848538,24792279.871794872,26266674.171954565,3040.000000000028,19891396.069111872,26266674.171954565
1536.0,3.0,3.0,5.0,80.0,15.9,1.0,0.0,5.87,2011.0,4.0,12677047,11714332.648557454,11766526.85089095,14383623.42857143,14520501.209355848,3040.000000000079,19887053.23711486,14520501.209355848
1476.0,2.0,2.0,8.2,5.0,2.6,0.0,0.0,2.6,2021.0,10.0,23214547,22232154.823829062,22237542.4125568,21650582.818181816,21691071.187204458,3039.9999999999477,19887991.51074919,21691071.187204458
1492.0,4.0,3.0,5.3,37.0,14.2,0.0,0.0,1.25,2020.0,8.0,13359651,15329856.905710999,15274027.73681831,14383623.42857143,14821704.527436297,3039.9999999999377,19888057.261245668,14821704.527436297
1684.0,4.0,2.0,7.0,18.0,19.2,1.0,0.0,3.15,2018.0,12.0,23961619,21668955.73834413,21637321.174309313,21059400.9375,21451176.87680122,3039.9999999999745,19888110.898374896,21451176.87680122
2095.0,4.0,4.0,5.7,18.0,11.0,0.0,1.0,0.5,2020.0,1.0,20551393,24652970.735933397,24642631.793987796,23593008.13157895,23331607.695069686,3039.9999999999477,19889745.296965584,23331607.695069686
2103.0,4.0,3.0,7.0,48.0,1.0,0.0,0.0,6.66,2013.0,4.0,25005767,24694311.826205496,24741306.67198152,24461516.32142857,26639497.299480475,3040.0000000000678,19889774.423784617,26639497.299480475
1467.0,3.0,3.0,5.8,26.0,17.4,1.0,1.0,3.95,2014.0,11.0,15384339,15907577.109259652,15877056.711720139,15788654.46511628,15717391.743388558,3040.0000000000396,19887383.15792175,15717391.743388558
1611.0,3.0,3.0,7.2,49.0,5.1,1.0,1.0,5.89,2013.0,9.0,17715395,19198193.889770124,19189896.099987846,20639159.83870968,20309016.887774438,3040.000000000071,19888326.127653968,20309016.887774438
1636.0,3.0,3.0,5.4,17.0,21.6,1.0,1.0,5.22,2020.0,4.0,19172286,17827178.212764453,17835283.056120772,18671378.076923076,18120575.2887293,3039.9999999999077,19887420.319386136,18120575.2887293
1175.0,2.0,2.0,7.6,23.0,4.0,0.0,1.0,2.42,2020.0,8.0,16643886,16500685.307566475,16471026.500875015,14638642.523809524,15076221.314300444,3039.999999999962,19887102.645765133,15076221.314300444
2535.0,5.0,4.0,5.3,31.0,13.6,1.0,1.0,4.68,2012.0,6.0,27106550,27729086.07594892,27735194.865314946,29528266.95,27803653.482364826,3040.0000000000714,19890596.665117476,27803653.482364826
2854.0,5.0,3.0,6.3,30.0,13.7,1.0,1.0,1.74,2019.0,8.0,35645912,34136178.779435314,34156414.8111808,32123273.555555556,34163932.08084291,3039.999999999962,19890819.57182281,34163932.08084291
1527.0,3.0,3.0,6.6,37.0,9.1,1.0,0.0,2.16,2023.0,11.0,18090744,18459497.922122724,18415005.19136337,19966895.90909091,19244760.708832137,3039.9999999998913,19888093.760767814,19244760.708832137
1575.0,3.0,3.0,6.1,24.0,22.5,1.0,1.0,0.82,2014.0,5.0,17804086,18069040.102626905,18070485.1314553,16972588.083333332,17138642.51991957,3040.0000000000546,19887273.806883417,17138642.51991957
1152.0,3.0,2.0,8.1,11.0,13.4,1.0,1.0,4.02,2020.0,7.0,16062163,18028325.301354133,17966702.181643914,15422102.7,15833976.595119307,3039.9999999999463,19887293.891088102,15833976.595119307
1638.0,4.0,3.0,7.9,12.0,8.9,0.0,0.0,6.2,2017.0,4.0,24557218,23280882.722920716,23276389.85334738,22295624.304347824,22184231.0668264,3039.999999999993,19889425.54538001,22184231.0668264
1185.0,3.0,2.0,10.0,31.0,9.2,0.0,0.0,6.16,2021.0,6.0,16943433,21173806.050330076,21183681.181312494,18745207.173913043,18117436.04640119,3039.999999999934,19888078.038847357,18117436.04640119
1533.0,2.0,3.0,4.2,30.0,24.2,0.0,1.0,5.51,2022.0,11.0,14855705,13265047.90561486,13309260.283946335,13836251.80952381,13686244.582301678,3039.999999999856,19886540.62477752,13686244.582301678
1718.0,3.0,3.0,3.4,11.0,19.4,1.0,0.0,2.56,2014.0,11.0,14514891,14584836.016356166,14569490.476975285,18535646.80952381,15255759.424249511,3040.0000000000255,19887178.23231684,15255759.424249511
1577.0,4.0,3.0,6.3,47.0,17.6,0.0,1.0,4.61,2022.0,12.0,17546095,17929508.59262884,17891001.38017509,18671378.076923076,17967820.789890844,3039.9999999998845,19888358.129914425,17967820.789890844
861.0,1.0,2.0,6.0,4.0,18.2,1.0,1.0,6.09,2020.0,1.0,11829797,9833272.819320047,9848042.912694855,9895467.08,10326421.584404083,3039.999999999912,19885201.046417825,10326421.584404083
2436.0,4.0,3.0,8.5,21.0,12.3,1.0,0.0,3.76,2017.0,9.0,40463661,33676721.02379221,33733323.49506036,34556274.20689655,35331327.58478141,3040.000000000009,19890485.82054433,35331327.58478141
1646.0,4.0,3.0,7.0,12.0,11.4,0.0,0.0,6.72,2010.0,12.0,19217640,20951262.535094563,20939529.2973067,20639159.83870968,20913754.02243161,3040.0000000001164,19889077.66854964,20913754.02243161
1429.0,3.0,2.0,7.5,1.0,12.2,0.0,0.0,7.77,2010.0,7.0,18263345,19424540.250042137,19457970.371728703,18901671.458333332,18284373.886940476,3040.0000000001137,19887786.718882903,18284373.886940476
1788.0,4.0,3.0,3.8,17.0,21.0,0.0,0.0,6.36,2013.0,8.0,16783871,15798753.63003852,15811239.252363324,15629419.103448275,15398271.374710495,3040.000000000023,19887955.029271945,15398271.374710495
902.0,2.0,2.0,6.3,11.0,13.6,1.0,1.0,1.6,2018.0,12.0,12160149,11082031.292594854,10997971.486839812,9895467.08,10632538.147072816,3039.9999999999854,19885962.127532877,10632538.147072816
2285.0,5.0,5.0,5.3,13.0,19.2,1.0,0.0,3.42,2010.0,3.0,29538476,25753477.920157082,25758568.158623803,25799369.28125,25476150.63376899,3040.0000000001114,19890498.411323305,25476150.63376899
1757.0,5.0,3.0,6.7,14.0,13.8,1.0,0.0,3.58,2016.0,12.0,19502984,22460445.732655734,22372871.011711832,24910523.5,22905950.969218574,3040.0000000000136,19889543.12168851,22905950.969218574
1512.0,2.0,3.0,5.8,23.0,10.3,1.0,1.0,0.5,2016.0,10.0,16788788,16763385.561023073,16740595.505937412,17106044.844827585,17397082.640860416,3040.0000000000286,19887199.56602827,17397082.640860416
1484.0,4.0,4.0,8.1,11.0,7.3,1.0,0.0,7.27,2010.0,10.0,19200419,21658597.013400577,21607513.21510723,21650582.818181816,20603702.89198132,3040.0000000001264,19889698.03271034,20603702.89198132
882.0,2.0,2.0,5.3,26.0,22.3,1.0,0.0,3.68,2016.0,7.0,7683232,7479453.4142512195,7467316.154627545,8386897.928571428,8957560.058447044,3039.9999999999936,19885023.676549844,8957560.058447044
2222.0,3.0,2.0,7.2,31.0,6.9,1.0,1.0,2.62,2016.0,12.0,25803635,27555456.691036284,27583657.701120153,28194452.045454547,28587721.58439643,3040.000000000031,19888788.057062417,28587721.58439643
1647.0,2.0,2.0,1.4,47.0,24.8,0.0,0.0,2.33,2021.0,12.0,7118304,7628139.262582252,7677569.043404292,11704231.851851853,11723477.630400017,3039.99999999987,19885572.132604785,11723477.630400017
942.0,1.0,1.0,6.7,27.0,17.9,1.0,1.0,3.68,2020.0,2.0,10312603,10984278.44724983,11016361.316962248,11589813.84,10884172.794938035,3039.9999999999322,19884699.120856676,10884172.794938035
2494.0,5.0,5.0,7.9,22.0,8.1,0.0,1.0,4.86,2023.0,4.0,34831842,34224137.147463754,34229555.93046851,36649673.76923077,34957245.97024803,3039.999999999885,19892169.9015972,34957245.97024803
2461.0,6.0,5.0,6.3,24.0,14.1,0.0,1.0,9.8,2019.0,5.0,31232728,29952576.117863864,29944792.625652995,28427322.15,29221397.605035625,3039.9999999999136,19891855.867865313,29221397.605035625
2080.0,5.0,4.0,4.2,11.0,24.5,0.0,0.0,6.25,2012.0,10.0,19624656,20814259.632474396,20816984.357355848,19094015.59090909,19498325.32930783,3040.0000000000427,19889477.997725762,19498325.32930783
1135.0,2.0,2.0,8.9,23.0,8.4,0.0,0.0,1.95,2016.0,5.0,16047189,18352069.791309576,18375775.45667611,18745207.173913043,16782243.010727588,3040.0000000000477,19887087.477422144,16782243.010727588
1260.0,2.0,3.0,3.6,13.0,21.9,0.0,1.0,6.8,2013.0,3.0,9988634,8895253.754117148,8935111.480131261,10554704.55,10732460.528569018,3040.0000000000186,19885984.837131277,10732460.528569018
863.0,1.0,1.0,7.7,24.0,15.3,1.0,1.0,0.5,2018.0,11.0,10928810,12446933.528410986,12430103.032704353,10118616.55,11328642.809317442,3040.000000000002,19885123.68250138,11328642.809317442
1704.0,3.0,3.0,6.5,33.0,6.2,0.0,0.0,6.77,2012.0,12.0,20662246,19399655.92611483,19426998.806125697,21991737.08,20961132.437670756,3040.0000000000787,19888567.71684918,20961132.437670756
1859.0,4.0,4.0,8.0,13.0,9.6,1.0,0.0,5.53,2010.0,8.0,21687510,25856453.050511144,25852264.78730759,25226172.545454547,25915882.295333017,3040.000000000133,19890105.472676028,25915882.295333017
1710.0,3.0,3.0,7.2,15.0,9.6,1.0,1.0,4.95,2010.0,5.0,22156696,21944537.78550457,21954594.149306677,21059400.9375,21659061.606683236,3040.0000000001296,19888444.168760493,21659061.606683236
1877.0,3.0,3.0,7.4,41.0,4.4,1.0,0.0,3.34,2016.0,1.0,21499929,23431479.700086076,23471650.63042538,22467712.95652174,23665992.561970755,3040.000000000029,19888755.785605952,23665992.561970755
1697.0,3.0,3.0,4.8,11.0,24.9,1.0,0.0,3.53,2015.0,9.0,17298946,17245128.53108064,17265679.815734107,15629419.103448275,17144686.794522014,3040.0000000000064,19887257.030269213,17144686.794522014
951.0,2.0,2.0,5.2,10.0,12.0,1.0,0.0,7.43,2021.0,1.0,9138633,9069964.180039357,9050578.18283571,10661830.4,9838892.256617103,3039.9999999998836,19885865.45290492,9838892.256617103
1511.0,1.0,1.0,9.9,26.0,1.0,1.0,0.0,4.61,2010.0,4.0,24200021,23674813.748256993,23783397.133738805,25716074.65,23175149.304242503,3040.0000000001633,19887021.830633633,23175149.304242503
1622.0,4.0,3.0,6.5,42.0,14.3,1.0,1.0,3.73,2018.0,3.0,19591142,18913277.996794138,18877281.11328674,19792090.173913043,19796330.89012444,3039.999999999971,19888306.983227182,19796330.89012444
2358.0,6.0,4.0,7.9,27.0,1.0,0.0,1.0,3.02,2018.0,1.0,38704733,32160198.106919665,32101519.06770749,30270779.85714286,31981208.857442204,3039.999999999999,19892005.06251546,31981208.857442204
2280.0,4.0,4.0,10.0,15.0,7.3,0.0,0.0,4.15,2013.0,12.0,37389526,35238072.70340982,35290349.90079852,37743448.40909091,36785673.72118909,3040.0000000001023,19891403.698796872,36785673.72118909
1828.0,3.0,3.0,7.5,39.0,4.1,1.0,1.0,2.31,2012.0,10.0,21952208,23094725.03235949,23085661.251266226,22467712.95652174,23156685.435256362,3040.000000000115,19888789.540384203,23156685.435256362
1513.0,3.0,3.0,6.8,19.0,16.5,1.0,0.0,4.95,2019.0,2.0,23317642,19079471.912780732,19096515.607331492,19966895.90909091,19396832.195793558,3039.999999999945,19887782.081260048,19396832.195793558
1412.0,3.0,3.0,4.1,13.0,27.8,1.0,0.0,5.13,2010.0,1.0,11719324,11768908.440340823,11803575.91997664,12274421.35,12169021.150212117,3040.0000000000837,19886439.96970992,12169021.150212117
2182.0,3.0,2.0,6.1,25.0,8.5,1.0,1.0,1.08,2018.0,10.0,25675941,25320504.443152696,25330216.343076184,24792279.871794872,24495644.591580804,3039.9999999999905,19888387.78786449,24495644.591580804
865.0,2.0,2.0,4.9,42.0,14.5,0.0,0.0,3.25,2023.0,10.0,6253940,6178350.930083148,6143272.315730901,8450852.444444444,8189316.760876467,3039.999999999866,19885540.954796545,8189316.760876467
2028.0,4.0,3.0,4.9,14.0,8.7,0.0,0.0,6.31,2015.0,10.0,20345299,21336504.811612155,21335924.969818264,20413472.405405406,20678009.815684658,3040.000000000007,19889260.884700354,20678009.815684658
2201.0,5.0,5.0,4.1,23.0,26.3,1.0,1.0,5.84,2020.0,3.0,20904316,22351089.960970722,22337792.05269342,19094015.59090909,19875369.44077456,3039.9999999998868,19889820.687785875,19875369.44077456
1296.0,2.0,1.0,8.5,19.0,11.0,0.0,1.0,4.75,2015.0,6.0,18196914,19203661.230656106,19246729.10802982,19010340.4,19635066.987528123,3040.0000000000446,19886616.55612195,19635066.987528123
1992.0,4.0,3.0,8.6,14.0,10.2,1.0,0.0,6.91,2015.0,7.0,28769817,28661142.58708974,28683942.063583728,29194194.04255319,29518862.520007405,3040.0000000000323,19889972.81381466,29518862.520007405
1701.0,3.0,2.0,4.3,28.0,25.8,0.0,1.0,6.13,2019.0,3.0,16892312,15260588.713907043,15321742.216722343,15629419.103448275,15756977.53308276,3039.9999999999077,19886561.1513807,15756977.53308276
1636.0,3.0,2.0,3.9,38.0,22.9,0.0,1.0,3.25,2017.0,4.0,14076599,13200583.784081519,13234511.061777271,13836251.80952381,13953169.847857552,3039.999999999963,19886320.208840657,13953169.847857552
1893.0,3.0,3.0,3.8,11.0,14.4,1.0,0.0,4.21,2013.0,12.0,18048468,17336169.500628203,17335864.085215095,17022004.024390243,16488338.455716748,3040.0000000000437,19887793.271400936,16488338.455716748
717.0,2.0,1.0,6.6,17.0,13.2,0.0,1.0,4.37,2021.0,3.0,7480205,8934430.615294522,8896368.977088585,8200115.705882353,8064159.489940121,3039.9999999999127,19885309.165186357,8064159.489940121
2068.0,5.0,4.0,6.0,39.0,15.8,1.0,1.0,4.98,2018.0,10.0,23274354,23711389.0731983,23660088.92245735,22946784.169491526,23971029.711337503,3039.999999999958,19890084.127788216,23971029.711337503
2721.0,6.0,5.0,10.0,40.0,6.2,0.0,1.0,4.0,2020.0,4.0,47453216,40474542.119219735,40486352.87535396,39535490.058823526,40313838.67253625,3039.999999999967,19893067.765328363,40313838.67253625
1504.0,3.0,3.0,8.1,9.0,16.2,0.0,1.0,4.39,2014.0,11.0,21306107,22018849.168577228,22023719.044917133,21650582.818181816,21076565.27717278,3040.0000000000578,19888405.838712107,21076565.27717278
2608.0,6.0,4.0,6.7,44.0,14.6,1.0,1.0,6.77,2018.0,1.0,29435503,31378284.2741346,31385107.90908663,31758776.260869566,31561904.696937203,3039.9999999999527,19891295.07649272,31561904.696937203
1308.0,2.0,2.0,9.2,21.0,1.0,1.0,0.0,4.76,2010.0,4.0,16669976,20560304.549112808,20588971.40130947,20987425.692307692,20229513.526885167,3040.0000000001564,19887594.386404388,20229513.526885167
1918.0,4.0,4.0,9.4,20.0,1.0,1.0,0.0,5.29,2013.0,1.0,36760061,29385448.578203,29392238.485083517,32304630.727272727,30510097.831221424,3040.0000000000955,19890687.5015328,30510097.831221424
1859.0,4.0,3.0,2.6,8.0,26.4,1.0,1.0,5.71,2010.0,8.0,12116362,14508806.94061973,14492326.112835053,14044329.81081081,13083080.478384988,3040.0000000000696,19887444.2382362,13083080.478384988
1759.0,5.0,4.0,10.0,23.0,15.3,1.0,1.0,3.07,2015.0,8.0,26205267,29225995.33202235,29167245.519736588,28644810.85714286,28047598.61985213,3040.0000000000614,19890693.219563525,28047598.61985213
819.0,3.0,2.0,4.1,41.0,31.0,0.0,0.0,5.33,2015.0,7.0,5507198,3407457.1395899244,3401221.0769842044,8450852.444444444,7502745.478235767,3039.9999999999836,19885098.810704738,7502745.478235767
1529.0,4.0,3.0,6.5,34.0,12.6,1.0,1.0,4.31,2010.0,6.0,16125796,17629056.60123459,17582409.426668633,18485849.56521739,18526241.613751553,3040.000000000124,19888258.307245724,18526241.613751553
1698.0,2.0,2.0,6.1,13.0,19.7,0.0,1.0,5.44,2016.0,8.0,18872531,19430094.912234798,19511058.237756077,21991737.08,19894339.284605134,3039.9999999999923,19886832.497376386,19894339.284605134
1473.0,4.0,3.0,5.4,19.0,15.9,1.0,0.0,2.83,2017.0,7.0,17172316,15947494.407451719,15879644.835154984,15512679.384615384,16149878.822917197,3039.9999999999854,19887949.044682465,16149878.822917197
1157.0,1.0,1.0,9.2,12.0,1.0,0.0,1.0,3.23,2022.0,11.0,17687149,19862008.027436465,19868473.54015964,18745207.173913043,17965282.65852745,3039.9999999999354,19886860.7730314,17965282.65852745
1868.0,2.0,2.0,4.1,7.0,28.1,1.0,0.0,1.57,2021.0,7.0,17401842,18051774.96207061,18125786.20999343,18535646.80952381,17445541.278936602,3039.9999999998927,19886258.59404597,17445541.278936602
2348.0,4.0,4.0,8.5,32.0,11.1,0.0,0.0,3.93,2010.0,8.0,30860072,31738755.505910236,31824057.949310556,34556274.20689655,34591784.369758174,3040.000000000144,19890809.65156802,34591784.369758174
2137.0,5.0,5.0,6.7,35.0,14.4,0.0,0.0,3.54,2010.0,4.0,24895411,25792103.294830263,25811119.043732837,28194452.045454547,26953254.29154994,3040.0000000001273,19890842.99028831,26953254.29154994
1767.0,5.0,5.0,6.2,19.0,19.9,0.0,1.0,5.93,2015.0,8.0,24238415,21519566.806647744,21471727.197956037,21991737.08,20643842.462689444,3040.000000000008,19890283.301836297,20643842.462689444
1994.0,4.0,4.0,5.6,48.0,14.1,1.0,0.0,0.5,2015.0,3.0,21776180,21224204.11960824,21228468.014657985,20886841.23529412,21052829.116317924,3040.00000000004,19889027.657880507,21052829.116317924
2663.0,6.0,4.0,5.3,13.0,11.5,1.0,1.0,7.23,2018.0,10.0,34707028,30744717.660592973,30692341.87908124,32123273.555555556,31623146.70038525,3039.9999999999427,19891636.991044693,31623146.70038525
834.0,1.0,1.0,6.7,13.0,10.4,0.0,1.0,4.53,2020.0,12.0,8526556,10454319.94826283,10439063.632697267,10118616.55,11136599.80325422,3039.9999999999363,19885331.348917253,11136599.80325422
2217.0,5.0,4.0,3.3,17.0,15.7,0.0,0.0,6.96,2014.0,6.0,15490972,20354147.659612764,20352501.10858211,19094015.59090909,18835379.223485388,3040.000000000001,19889784.50055743,18835379.223485388
1337.0,3.0,3.0,6.2,29.0,13.4,0.0,1.0,0.5,2015.0,7.0,16360996,15343075.325019173,15306309.982302938,15398161.75,15248026.462315744,3040.0000000000477,19887474.725846514,15248026.462315744
2165.0,3.0,3.0,9.7,8.0,15.0,1.0,0.0,7.65,2015.0,11.0,32393593,33010713.202237993,33109751.01472211,34864478.208333336,34304536.13441828,3040.0000000000327,19889791.75236629,34304536.13441828
1732.0,3.0,2.0,3.6,25.0,17.2,1.0,1.0,3.66,2022.0,11.0,15600228,14831622.053386297,14796994.14561455,15629419.103448275,15414367.115455398,3039.9999999998686,19886809.12694882,15414367.115455398
1860.0,3.0,3.0,6.7,12.0,16.3,1.0,0.0,7.75,2017.0,6.0,20094394,23005498.17127585,23061617.81196444,24910523.5,23749956.55660473,3039.999999999967,19888458.74298727,23749956.55660473
1850.0,3.0,2.0,7.8,24.0,9.2,0.0,1.0,0.57,2021.0,12.0,26440531,25268514.15897337,25265292.896794494,22467712.95652174,24631770.840172805,3039.9999999999495,19888512.95851214,24631770.840172805
908.0,2.0,1.0,4.2,5.0,13.6,0.0,1.0,1.84,2016.0,1.0,9774357,6557087.285250209,6516732.725317646,8450852.444444444,8356302.1591725005,3040.0000000000036,19885025.704664767,8356302.1591725005
1157.0,3.0,3.0,9.5,22.0,5.9,1.0,1.0,4.06,2018.0,8.0,14615008,20593615.208715346,20525311.18691693,18745207.173913043,17872594.56681876,3040.000000000004,19888467.70178131,17872594.56681876
3267.0,7.0,6.0,2.1,23.0,21.2,0.0,1.0,4.12,2010.0,2.0,22977742,30826414.682273842,30843100.880762447,26347685.181818184,22066970.51412593,3040.0000000000773,19891795.12472545,22066970.51412593
1529.0,3.0,2.0,7.8,12.0,14.2,1.0,0.0,4.64,2021.0,2.0,23424304,21683830.84811305,21699218.718315616,19966895.90909091,20269022.62125915,3039.999999999919,19887710.182907168,20269022.62125915
2235.0,5.0,5.0,10.0,18.0,6.9,0.0,0.0,6.08,2018.0,5.0,33108062,35252817.80739531,35272823.824907765,34864478.208333336,34698236.13429509,3039.999999999993,19892372.037523802,34698236.13429509
2465.0,5.0,3.0,8.0,27.0,9.3,0.0,1.0,7.36,2010.0,5.0,28319879,32209324.260007635,32263060.26519849,36649673.76923077,33589572.907858625,3040.000000000121,19890906.71612325,33589572.907858625
1703.0,3.0,2.0,5.6,13.0,10.7,1.0,0.0,3.65,2021.0,11.0,19329705,19190180.08283469,19163047.159550607,20649704.620689657,20074786.567928195,3039.9999999999113,19887653.22978225,20074786.567928195
1528.0,3.0,2.0,10.0,43.0,1.0,0.0,0.0,3.41,2021.0,11.0,24304738,24850138.619523242,24851577.237039723,25716074.65,23549163.52236078,3039.999999999959,19888820.530231815,23549163.52236078
1734.0,4.0,3.0,4.3,26.0,21.0,0.0,1.0,1.84,2014.0,5.0,18881452,16214984.1379859,16197836.962584296,18535646.80952381,17215913.166097477,3040.0000000000346,19887791.51236156,17215913.166097477
911.0,1.0,2.0,5.6,23.0,12.9,0.0,0.0,5.46,2020.0,9.0,9920774,8563414.80873737,8587967.259246245,8386897.928571428,9632639.65805025,3039.9999999999186,19885350.40026517,9632639.65805025
1783.0,3.0,2.0,7.4,14.0,14.2,1.0,1.0,6.32,2023.0,9.0,24022682,23902627.03045478,23909212.421348397,24910523.5,23728914.202128515,3039.999999999868,19888136.35464141,23728914.202128515
1838.0,4.0,4.0,8.9,33.0,9.7,0.0,0.0,4.62,2010.0,6.0,27850316,26469864.019950874,26507267.273519665,28644810.85714286,27701265.776620436,3040.000000000145,19890196.697049472,27701265.776620436
1330.0,2.0,2.0,9.0,32.0,1.9,1.0,0.0,4.17,2023.0,2.0,19474091,20812396.677804172,20828196.193709355,20987425.692307692,20241693.551647495,3039.999999999906,19887607.456494212,20241693.551647495
1667.0,4.0,3.0,8.2,27.0,1.0,0.0,0.0,2.94,2022.0,12.0,24133476,24151635.642120935,24087153.456821043,25226172.545454547,23808272.046153016,3039.9999999999272,19889824.150505114,23808272.046153016
1458.0,4.0,3.0,5.2,22.0,21.4,1.0,0.0,0.5,2017.0,11.0,15865566,15339161.006154513,15262724.004059196,15512679.384615384,15375556.92424112,3039.9999999999923,19887650.57816698,15375556.92424112
889.0,2.0,3.0,3.4,20.0,19.6,1.0,1.0,8.12,2022.0,2.0,8389265,4356214.044363836,4319071.061410906,6659903.0,7580192.484660884,3039.9999999998377,19885566.746743795,7580192.484660884
3017.0,6.0,6.0,8.3,29.0,1.0,1.0,0.0,4.52,2022.0,8.0,36465886,41299024.14084746,41284290.35018549,48046301.91304348,46982149.62479819,3039.9999999999163,19893655.09466484,46982149.62479819
3093.0,5.0,4.0,8.4,44.0,6.6,1.0,0.0,2.38,2023.0,7.0,49815071,41061494.66644697,41125649.58389118,48046301.91304348,48024595.048768245,3039.999999999905,19892186.990021084,48024595.048768245
1462.0,4.0,3.0,8.6,20.0,7.8,1.0,0.0,5.42,2014.0,8.0,19421692,22149831.443221945,22100832.38271205,21650582.818181816,21213509.211246766,3040.000000000063,19889193.496568717,21213509.211246766
500.0,1.0,2.0,7.0,12.0,18.5,0.0,1.0,5.84,2016.0,2.0,5300681,6953158.027931882,6967897.549414586,5424002.545454546,6232341.41299619,3039.999999999999,19884924.95785109,6232341.41299619
1990.0,5.0,4.0,6.9,17.0,11.8,1.0,0.0,6.14,2016.0,11.0,26797438,25539299.199198533,25486726.474408764,26971863.35,26856245.09634527,3040.000000000002,19890612.423596427,26856245.09634527
1779.0,3.0,2.0,6.0,16.0,17.0,0.0,0.0,5.31,2023.0,6.0,16621220,20706128.30127526,20753924.587678537,20649704.620689657,20219665.27269169,3039.999999999859,19887691.512959555,20219665.27269169
1952.0,4.0,3.0,6.7,15.0,17.2,1.0,1.0,5.57,2014.0,3.0,23632881,24198643.958738666,24211591.6991581,26971863.35,25017122.32349525,3040.000000000036,19888959.120189916,25017122.32349525
1851.0,5.0,5.0,7.1,20.0,19.8,1.0,1.0,2.25,2017.0,8.0,21301735,24785032.162136618,24710379.59281586,23567595.65,23461685.274847914,3039.9999999999986,19890478.343021154,23461685.274847914
1673.0,4.0,3.0,7.3,17.0,12.5,1.0,0.0,3.67,2016.0,8.0,20178662,22299167.527490307,22262232.27507146,21059400.9375,21258705.726831518,3040.000000000019,19888993.549618743,21258705.726831518
1440.0,3.0,2.0,5.1,34.0,4.9,0.0,0.0,3.84,2023.0,2.0,15044708,14029160.147635605,14009241.084910437,14383623.42857143,14558988.514600895,3039.999999999872,19887275.42471893,14558988.514600895
1032.0,1.0,2.0,4.3,18.0,21.0,0.0,1.0,0.59,2011.0,2.0,8462767,7200776.401390862,7246296.685487142,8450852.444444444,9085665.171007907,3040.0000000001014,19884783.270678308,9085665.171007907
1114.0,2.0,2.0,5.8,34.0,16.0,0.0,0.0,8.67,2011.0,8.0,11431746,10140126.007488744,10197907.485733716,12379241.371428572,12275964.758969583,3040.000000000071,19886000.246068828,12275964.758969583
1574.0,4.0,3.0,7.4,18.0,13.8,0.0,0.0,1.34,2011.0,3.0,22084194,21012585.225412313,21005880.603836942,22114343.3,21326291.27411222,3040.0000000001287,19888702.179017574,21326291.27411222
1604.0,2.0,2.0,7.6,14.0,11.2,0.0,0.0,5.71,2023.0,4.0,22171447,21855662.492213137,21931492.329637017,20639159.83870968,21127913.869626906,3039.999999999876,19887562.32629172,21127913.869626906
862.0,2.0,2.0,5.7,13.0,16.9,1.0,1.0,5.05,2020.0,4.0,10645880,9093421.334785048,9048329.883012157,9895467.08,10132734.472070307,3039.999999999917,19885485.696489155,10132734.472070307
1000.0,2.0,1.0,5.4,15.0,13.7,0.0,1.0,4.29,2021.0,12.0,10065855,9898377.122668203,9853968.556232138,10661830.4,10169876.176538367,3039.999999999904,19885560.143576693,10169876.176538367
2451.0,5.0,4.0,8.0,1.0,8.1,1.0,0.0,7.71,2023.0,7.0,33565224,34540117.48797264,34534336.393414944,32043777.7,34439982.70370039,3039.9999999998695,19891686.92077306,34439982.70370039
2390.0,7.0,5.0,7.7,9.0,15.6,0.0,1.0,6.16,2013.0,10.0,37098043,32926882.442356706,32853696.908437595,30270779.85714286,32821570.534526635,3040.0000000000614,19892605.213616904,32821570.534526635
974.0,2.0,2.0,4.6,14.0,13.6,1.0,0.0,2.88,2018.0,8.0,9187933,7984794.205877693,7931976.778299097,8450852.444444444,8925923.082911737,3039.9999999999627,19885478.28577514,8925923.082911737
2336.0,3.0,3.0,7.9,9.0,1.0,1.0,0.0,1.6,2017.0,5.0,34195423,31808428.68577473,31852478.118768092,29303229.464285713,32176348.518246602,3040.000000000028,19890013.047506884,32176348.518246602
805.0,1.0,1.0,4.7,22.0,14.2,1.0,1.0,3.93,2010.0,10.0,6949584,4729538.517415106,4710978.858613642,8450852.444444444,7749511.270668694,3040.0000000001123,19884261.574272335,7749511.270668694
2588.0,5.0,5.0,8.5,39.0,10.8,1.0,1.0,0.63,2020.0,8.0,38540311,35804631.54477269,35794788.62745091,39535490.058823526,36699347.211638674,3039.9999999999704,19891913.873793002,36699347.211638674
1637.0,3.0,2.0,3.6,22.0,21.4,1.0,1.0,2.96,2018.0,1.0,15183840,13543309.290049128,13544067.474952105,11704231.851851853,13524479.447656728,3039.9999999999445,19886272.94394609,13524479.447656728
747.0,1.0,1.0,7.1,6.0,2.3,1.0,0.0,4.8,2019.0,9.0,9432307,10509599.76827125,10467371.429699907,8200115.705882353,9352165.358105168,3039.9999999999654,19885556.218188573,9352165.358105168
2679.0,5.0,4.0,9.0,10.0,3.7,0.0,1.0,5.54,2016.0,9.0,47939564,38593843.02600269,38615762.47841889,39535490.058823526,38885371.06170722,3040.0000000000305,19892432.239865616,38885371.06170722
2047.0,5.0,4.0,9.3,8.0,2.7,1.0,0.0,2.39,2016.0,6.0,32395343,32020727.992686722,31959301.316469412,32304630.727272727,32568265.418686103,3040.0000000000528,19891507.711640038,32568265.418686103
2429.0,4.0,4.0,7.8,15.0,5.5,0.0,1.0,3.47,2022.0,2.0,30155121,33146145.526209798,33181120.425540034,29303229.464285713,32954522.367612623,3039.9999999999145,19891137.992165264,32954522.367612623
500.0,1.0,1.0,5.4,9.0,15.3,0.0,0.0,3.02,2013.0,8.0,4935345,3423912.991286941,3408872.2070164233,4113720.037037037,5027293.476118002,3040.0000000000646,19884210.57123637,5027293.476118002
1776.0,3.0,2.0,5.6,8.0,13.0,1.0,0.0,1.3,2010.0,7.0,18891465,19621807.450581446,19629435.0975427,20649704.620689657,19747001.825494636,3040.0000000001346,19887442.754669838,19747001.825494636
1427.0,4.0,3.0,8.1,19.0,6.5,0.0,0.0,4.05,2015.0,12.0,23701303,20902939.518707614,20842256.681622844,20241131.304347824,19527448.188136186,3040.00000000005,19889241.370540142,19527448.188136186
1411.0,2.0,2.0,8.2,37.0,9.6,1.0,1.0,5.92,2016.0,11.0,17588644,19282185.42016528,19303805.69008189,20241131.304347824,19942771.0258803,3040.0000000000177,19887160.540227525,19942771.0258803
1564.0,3.0,2.0,3.1,8.0,28.6,1.0,0.0,5.16,2023.0,2.0,12701289,12444537.17040595,12462368.981614713,11704231.851851853,11631867.789611632,3039.9999999998236,19886142.250762194,11631867.789611632
2223.0,4.0,4.0,3.4,22.0,17.6,0.0,0.0,4.81,2010.0,11.0,17748644,19979421.818883296,20014519.408598144,19094015.59090909,18572303.557779096,3040.0000000000905,19889123.3098234,18572303.557779096
1799.0,4.0,3.0,6.2,22.0,17.0,0.0,1.0,6.77,2014.0,12.0,20015983,20908606.280774847,20904265.475137703,21991737.08,20429493.502120778,3040.0000000000264,19888831.366879877,20429493.502120778
1914.0,4.0,4.0,5.2,10.0,13.5,0.0,0.0,7.41,2016.0,3.0,20080111,21007198.371090714,21029272.485164475,20886841.23529412,21277034.30252043,3039.9999999999777,19889459.03932189,21277034.30252043
2072.0,4.0,3.0,8.3,10.0,8.2,0.0,1.0,2.36,2010.0,3.0,30420454,29187078.730918024,29211500.957667388,29194194.04255319,29878689.258768104,3040.000000000155,19889953.993157633,29878689.258768104
1197.0,1.0,1.0,5.6,10.0,14.2,1.0,0.0,7.84,2012.0,3.0,12429322,11611518.780031027,11692671.329788022,12379241.371428572,12940598.293555036,3040.000000000057,19885130.76711763,12940598.293555036
1227.0,3.0,3.0,9.9,38.0,1.0,1.0,1.0,1.76,2021.0,3.0,17780016,21805007.17500156,21740334.20737583,18745207.173913043,19449736.737956624,3039.9999999999673,19888648.151282333,19449736.737956624
1241.0,4.0,3.0,5.1,31.0,18.0,1.0,1.0,6.96,2010.0,4.0,11497924,11222833.560734762,11165418.808299012,11174567.5,11626997.67221563,3040.0000000000914,19887269.051942408,11626997.67221563
957.0,3.0,2.0,5.1,20.0,18.8,0.0,0.0,7.33,2011.0,8.0,9408126,7886040.606806686,7869296.767314054,10661830.4,9589462.827904558,3040.0000000000705,19886040.40376769,9589462.827904558
848.0,1.0,2.0,6.2,19.0,14.8,1.0,0.0,3.75,2015.0,11.0,9043083,9070371.856479708,9069797.110147487,9895467.08,9759313.693175651,3040.0000000000286,19885150.81889116,9759313.693175651
1498.0,2.0,3.0,6.1,35.0,13.6,1.0,1.0,1.3,2021.0,4.0,19936091,16864272.85372459,16872038.09132692,17106044.844827585,17107164.67536471,3039.999999999926,19886999.44456096,17107164.67536471
2148.0,5.0,4.0,9.3,11.0,8.0,0.0,0.0,5.65,2022.0,11.0,32676378,33234797.248944014,33214006.00515283,34864478.208333336,33902160.289736025,3039.9999999999127,19891710.16243445,33902160.289736025
1134.0,2.0,2.0,9.1,8.0,1.0,1.0,1.0,2.88,2015.0,11.0,20064979,19624100.7957591,19566032.75106539,18745207.173913043,17395162.18147553,3040.000000000072,19887560.441739406,17395162.18147553
1486.0,2.0,3.0,5.6,14.0,9.4,1.0,0.0,5.06,2023.0,5.0,18568036,16592432.382907629,16598776.7536607,17106044.844827585,17207229.5326148,3039.9999999998654,19887337.465261944,17207229.5326148
2096.0,4.0,4.0,4.8,37.0,15.6,0.0,0.0,6.93,2012.0,8.0,23595737,20639254.76522988,20690955.999139424,20413472.405405406,20299568.937801432,3040.0000000000528,19889314.620877113,20299568.937801432
2002.0,5.0,3.0,2.8,18.0,16.7,0.0,1.0,1.4,2017.0,1.0,17358936,17154924.38882863,17096277.884646747,14044329.81081081,15862217.020578409,3039.9999999999704,19888568.592792697,15862217.020578409
1738.0,4.0,4.0,9.8,25.0,5.8,1.0,0.0,3.45,2019.0,8.0,32505046,28422276.31763003,28387650.918959595,26199329.93548387,27430498.350884926,3039.99999999999,19890532.826243922,27430498.350884926
1487.0,3.0,3.0,8.8,23.0,3.9,1.0,1.0,3.56,2016.0,2.0,26040290,22824012.816558026,22800759.684027705,21650582.818181816,22195792.8048713,3040.000000000041,19888724.362498794,22195792.8048713
1694.0,3.0,2.0,6.5,13.0,10.3,0.0,1.0,4.27,2020.0,11.0,20696032,20933437.14855037,20921430.483903572,20119482.19047619,20765951.621414777,3039.999999999935,19888020.694915738,20765951.621414777
2404.0,6.0,4.0,9.0,25.0,11.8,0.0,0.0,9.81,2019.0,6.0,37348832,34582634.71562157,34605402.18954123,37743448.40909091,36543974.852149256,3039.999999999938,19892055.404777046,36543974.852149256
2149.0,5.0,4.0,4.2,2.0,16.7,1.0,1.0,5.75,2010.0,1.0,18414658,22124616.32434267,22094502.883662377,19094015.59090909,20244027.477607414,3040.0000000000914,19889642.61432854,20244027.477607414
1780.0,3.0,3.0,9.2,37.0,3.8,0.0,0.0,5.91,2015.0,5.0,27849703,26024962.87670836,26090939.50621808,28644810.85714286,27229692.56026389,3040.0000000000496,19889374.753957044,27229692.56026389
1126.0,2.0,2.0,8.3,18.0,5.6,1.0,1.0,4.31,2013.0,9.0,12918395,17035636.975267217,17006738.645327073,15422102.7,15514995.496217083,3040.00000000009,19886981.58969777,15514995.496217083
1723.0,3.0,3.0,5.1,8.0,6.0,1.0,0.0,5.38,2010.0,2.0,19842551,17922469.78206915,17929368.840332955,20649704.620689657,18746305.91142584,3040.000000000113,19888093.126523163,18746305.91142584
697.0,2.0,1.0,9.7,9.0,5.0,0.0,1.0,6.63,2012.0,3.0,10456586,14865354.854649357,14852010.356260534,8200115.705882353,8943055.607234426,3040.000000000108,19886511.029281046,8943055.607234426
2088.0,4.0,4.0,9.5,15.0,2.5,1.0,0.0,1.39,2022.0,6.0,32538837,32815590.926428422,32791436.34921011,32304630.727272727,32823714.265931193,3039.9999999999445,19891051.741502184,32823714.265931193
1297.0,2.0,2.0,9.2,18.0,3.6,1.0,0.0,6.16,2019.0,8.0,20514381,21165751.12283469,21176199.594806593,20987425.692307692,20369199.503830668,3039.9999999999723,19887693.806065552,20369199.503830668
1116.0,2.0,1.0,9.2,17.0,1.9,1.0,1.0,6.21,2015.0,12.0,17221889,18679981.877331253,18646718.18099952,18745207.173913043,17038448.872570287,3040.000000000052,19887021.365220346,17038448.872570287
1423.0,3.0,2.0,7.6,3.0,5.3,0.0,0.0,4.52,2018.0,1.0,20912427,20289925.6939439,20289722.009573393,18901671.458333332,18857977.921409212,3039.999999999985,19888054.034985747,18857977.921409212
985.0,2.0,2.0,4.2,43.0,19.0,1.0,0.0,4.82,2018.0,4.0,7767308,5561337.033767264,5561678.545043739,8450852.444444444,8455895.130862854,3039.999999999942,19884984.06074312,8455895.130862854
1391.0,2.0,1.0,6.9,9.0,14.6,1.0,1.0,2.5,2013.0,9.0,19110787,17515139.932112288,17521176.812879104,16970714.083333332,17170511.959013693,3040.00000000008,19886125.56021225,17170511.959013693
946.0,3.0,3.0,3.3,20.0,15.8,1.0,1.0,2.76,2017.0,1.0,8265735,5090293.2714956645,4989066.895935895,6659903.0,7018018.869708531,3039.9999999999686,19885981.636420693,7018018.869708531
783.0,2.0,1.0,7.3,6.0,13.1,0.0,1.0,5.83,2012.0,6.0,10616838,11008518.030859413,10993409.54568434,10118616.55,10542663.199948305,3040.0000000000846,19885629.247270122,10542663.199948305
1018.0,3.0,4.0,5.3,13.0,21.8,1.0,1.0,2.11,2019.0,7.0,11005337,10939614.836156646,10848725.91233144,10661830.4,10169952.509985793,3039.999999999945,19887057.299274646,10169952.509985793
2023.0,4.0,4.0,1.7,23.0,11.4,1.0,0.0,5.61,2018.0,9.0,13960818,14596016.795819541,14546907.613204407,14044329.81081081,13932846.427967606,3039.9999999999236,19888623.365225866,13932846.427967606
1017.0,3.0,2.0,6.1,20.0,10.0,1.0,0.0,6.44,2019.0,8.0,13092854,11439936.15218008,11369192.369831594,11434636.629629629,11233956.425212722,3039.999999999938,19886678.433608115,11233956.425212722
1954.0,5.0,3.0,4.7,33.0,18.2,1.0,1.0,3.16,2015.0,3.0,22072311,19561033.610172004,19511770.26938887,17022004.024390243,17906158.535292353,3040.0000000000127,19888742.127059218,17906158.535292353
1294.0,2.0,2.0,7.5,49.0,5.6,1.0,0.0,7.5,2016.0,11.0,13647757,15613227.629199129,15636133.39407064,16299237.027027028,17114128.51451476,3040.0000000000064,19886992.864819597,17114128.51451476
2191.0,4.0,3.0,9.4,37.0,10.3,0.0,0.0,5.72,2019.0,5.0,32703812,31815283.183457993,31895881.26652896,34864478.208333336,33024048.354765926,3039.9999999999677,19890381.563084394,33024048.354765926
1144.0,2.0,2.0,8.6,25.0,13.7,1.0,0.0,4.87,2013.0,7.0,15665414,17307938.121851772,17339573.319181815,14638642.523809524,15531456.804749478,3040.0000000000805,19886643.082161058,15531456.804749478
1018.0,2.0,3.0,6.8,43.0,21.4,1.0,1.0,1.66,2021.0,11.0,12464465,12223590.936417338,12192809.995547418,12241864.555555556,11801468.315084588,3039.9999999999227,19886285.145625927,11801468.315084588
1605.0,3.0,3.0,3.8,31.0,26.5,0.0,0.0,3.26,2020.0,7.0,12099535,13344371.824203562,13379407.618316395,13836251.80952381,13470144.043933239,3039.999999999901,19886814.24210991,13470144.043933239
1330.0,3.0,3.0,4.6,11.0,15.8,0.0,1.0,2.64,2018.0,7.0,13466821,12902301.451352246,12851882.32951688,12274421.35,12665877.245595612,3039.9999999999613,19887153.024840932,12665877.245595612
824.0,2.0,3.0,6.0,30.0,16.9,1.0,1.0,3.65,2015.0,11.0,9554840,8383326.47968787,8324033.542660933,8386897.928571428,8638195.843037715,3040.000000000025,19885933.62393455,8638195.843037715
2391.0,5.0,5.0,5.2,49.0,18.5,0.0,0.0,3.24,2012.0,11.0,23573278,25073772.226266075,25101990.15355866,25799369.28125,25398169.585407354,3040.0000000000746,19890552.61387446,25398169.585407354
1439.0,3.0,2.0,3.7,26.0,26.5,1.0,0.0,2.71,2019.0,4.0,10982381,11182249.05832119,11185287.54763117,11332276.55,11707551.78170995,3039.9999999999222,19885841.87993044,11707551.78170995
1608.0,3.0,3.0,8.6,32.0,13.9,0.0,0.0,7.98,2022.0,5.0,25119489,23314714.069013618,23380364.78713295,22295624.304347824,23479301.056789227,3039.999999999887,19888711.495275162,23479301.056789227
1806.0,4.0,4.0,7.3,38.0,9.2,1.0,1.0,1.96,2012.0,9.0,25260511,22951656.577029917,22906018.08099077,22467712.95652174,22675019.393710513,3040.00000000011,19889600.245580107,22675019.393710513
1503.0,3.0,2.0,6.1,20.0,6.4,1.0,1.0,5.38,2010.0,3.0,17036792,16669754.530529382,16652476.48162634,15788654.46511628,17191346.28137977,3040.000000000121,19887346.09674506,17191346.28137977
1054.0,2.0,2.0,7.7,19.0,14.2,0.0,0.0,4.09,2014.0,7.0,14425213,14762215.233451946,14790103.846179735,14776566.136363637,13677589.10075887,3040.000000000058,19886419.750298608,13677589.10075887
1902.0,6.0,4.0,5.6,24.0,14.8,1.0,0.0,7.69,2011.0,2.0,21098644,21114286.12861301,21054337.55494307,20886841.23529412,20665564.39844459,3040.0000000000737,19890202.840563536,20665564.39844459
1467.0,3.0,3.0,5.2,21.0,13.6,0.0,1.0,4.58,2016.0,12.0,14708510,15009798.097273974,14977683.713552598,15512679.384615384,15520648.639097566,3039.9999999999964,19887632.842923597,15520648.639097566
1971.0,3.0,3.0,5.8,25.0,15.2,1.0,0.0,4.34,2022.0,2.0,18749783,22330034.567020573,22380134.394504804,22946784.169491526,21937650.749156512,3039.999999999883,19888258.3990878,21937650.749156512
2007.0,6.0,5.0,4.9,24.0,16.6,1.0,0.0,6.54,2011.0,8.0,20995264,21217501.019188438,21140293.905794185,20413472.405405406,20464000.2737906,3040.0000000000737,19890715.401763547,20464000.2737906
1117.0,2.0,3.0,9.0,25.0,3.0,0.0,1.0,2.4,2021.0,3.0,16483750,18952808.79741389,18935991.82964466,18745207.173913043,16745671.887251206,3039.9999999999545,19887909.773889363,16745671.887251206
927.0,2.0,2.0,7.6,21.0,8.0,1.0,1.0,6.9,2020.0,4.0,12786112,13362950.269268606,13328711.029506221,11589813.84,11799066.902493639,3039.999999999931,19886465.398507014,11799066.902493639
1558.0,4.0,4.0,5.8,19.0,19.4,1.0,0.0,9.87,2018.0,8.0,13884448,17603050.67539223,17584648.567006066,17106044.844827585,17288058.599707887,3039.9999999999245,19888769.063650705,17288058.599707887
516.0,1.0,1.0,7.4,41.0,14.8,1.0,1.0,10.74,2016.0,1.0,4459373,5932493.751132945,5967851.275858397,5424002.545454546,5696729.323922407,3039.999999999977,19884851.60731278,5696729.323922407
1658.0,3.0,3.0,5.1,30.0,21.6,1.0,0.0,0.9,2015.0,11.0,14922322,16629881.880409354,16630652.489559563,16972588.083333332,16598989.727983426,3040.0000000000277,19887266.206184976,16598989.727983426
609.0,1.0,2.0,2.7,26.0,17.1,1.0,1.0,4.11,2010.0,4.0,3509431,-1817889.2571088336,-1850227.063747514,5992434.0869565215,5191372.125054557,3040.000000000091,19883873.34936841,5191372.125054557
1222.0,2.0,3.0,6.9,17.0,19.4,0.0,1.0,2.96,2010.0,9.0,13875638,15265590.284836333,15293917.184943635,16299237.027027028,15730592.77302949,3040.0000000001305,19886785.98636362,15730592.77302949
500.0,1.0,2.0,5.4,22.0,23.9,0.0,0.0,3.15,2014.0,6.0,3834943,2982069.1484544277,3001454.3318040483,4113720.037037037,4743110.656306947,3040.000000000035,19884203.805863496,4743110.656306947
1758.0,4.0,4.0,4.2,17.0,13.3,0.0,1.0,5.82,2019.0,1.0,16356778,17125380.19720727,17098735.119053185,15629419.103448275,17132164.369643077,3039.9999999999213,19888869.984190892,17132164.369643077
1221.0,3.0,2.0,1.3,8.0,24.6,0.0,1.0,2.61,2010.0,12.0,7045697,3973335.7825026326,3911449.732400216,8945179.545454545,9075258.930906123,3040.0000000000805,19885576.04818199,9075258.930906123
2029.0,4.0,3.0,7.3,19.0,8.5,1.0,0.0,2.75,2010.0,11.0,27777917,26045610.531239003,26035846.4307664,27455044.4,26995575.515162945,3040.0000000001446,19889599.27547016,26995575.515162945
2940.0,7.0,5.0,8.4,54.0,18.0,0.0,1.0,3.0,2010.0,10.0,35058229,38493467.192389406,38512477.41848084,48046301.91304348,45898691.51164885,3040.0000000001405,19892515.091949813,45898691.51164885
1710.0,3.0,3.0,5.8,23.0,13.3,1.0,1.0,1.75,2015.0,11.0,18812421,19179468.524247352,19148961.595549557,18131317.5,19145925.274646297,3040.0000000000373,19887944.56150543,19145925.274646297
2038.0,5.0,5.0,6.0,8.0,9.5,1.0,0.0,1.51,2014.0,8.0,24057290,25093439.47910203,25011627.92858819,24641218.42857143,24089158.080872692,3040.0000000000623,19890922.892215047,24089158.080872692
1664.0,4.0,3.0,6.0,37.0,11.0,0.0,1.0,1.76,2023.0,10.0,20850083,19150422.40274311,19082794.72612439,18131317.5,18988898.764245052,3039.9999999998863,19888710.94133249,18988898.764245052
1935.0,3.0,3.0,7.3,21.0,17.2,0.0,1.0,5.27,2020.0,12.0,24173669,25168021.1025104,25213663.092809416,27455044.4,25977677.41230919,3039.9999999999286,19888827.473820813,25977677.41230919
750.0,1.0,2.0,7.0,32.0,13.3,0.0,1.0,4.74,2018.0,3.0,8675442,9109364.902398715,9135526.741653522,8200115.705882353,8502394.337700196,3039.999999999972,19885262.9828753,8502394.337700196
1273.0,3.0,2.0,6.9,47.0,4.4,0.0,0.0,1.06,2020.0,5.0,17109784,15151004.832860876,15117544.59064987,16299237.027027028,16359537.211692221,3039.9999999999623,19887378.876091387,16359537.211692221
2149.0,5.0,4.0,5.0,9.0,20.4,1.0,0.0,3.09,2022.0,8.0,27509252,24424179.117011376,24376175.42336957,23593008.13157895,23304601.259263374,3039.9999999998786,19889949.929318618,23304601.259263374
3260.0,7.0,6.0,9.8,22.0,1.0,1.0,1.0,7.7,2021.0,11.0,52649158,47767787.80301188,47735937.885229126,48046301.91304348,48172563.40078271,3039.9999999999295,19894209.829150446,48172563.40078271
2283.0,5.0,4.0,5.3,29.0,10.3,0.0,0.0,7.78,2023.0,2.0,23616033,25333576.328740768,25345961.228155527,25799369.28125,25231454.22541004,3039.9999999998436,19890567.80536639,25231454.22541004
1706.0,4.0,3.0,4.3,17.0,9.6,1.0,0.0,1.16,2014.0,4.0,18212995,16399734.0382047,16334569.338100206,18535646.80952381,17273842.0933776,3040.00000000005,19888188.952678457,17273842.0933776
1305.0,3.0,3.0,3.2,18.0,16.8,1.0,0.0,5.03,2013.0,2.0,9417343,8656116.961743731,8630430.767515281,8945179.545454545,9668530.83901188,3040.0000000000305,19886437.749162644,9668530.83901188
1918.0,2.0,2.0,4.8,15.0,15.3,0.0,1.0,2.63,2020.0,2.0,21445759,19670212.001449455,19748290.20981402,18535646.80952381,18504786.29806696,3039.9999999999245,19886940.479918666,18504786.29806696
2633.0,6.0,4.0,5.7,9.0,14.8,1.0,1.0,2.31,2011.0,9.0,29759594,31235180.05620643,31183323.159713913,29528266.95,30413536.260784876,3040.000000000107,19891378.4592735,30413536.260784876
1030.0,2.0,2.0,6.3,18.0,9.0,1.0,0.0,5.03,2020.0,9.0,13566786,12044357.950277938,12004881.351097226,11434636.629629629,11765965.484337889,3039.9999999999304,19886264.57793177,11765965.484337889
2422.0,5.0,3.0,4.2,10.0,16.6,1.0,0.0,2.04,2011.0,6.0,21165259,24933193.677426744,24924845.480215564,19426701.4,23266129.057880685,3040.000000000094,19889526.968744785,23266129.057880685
2488.0,4.0,4.0,5.4,13.0,3.4,0.0,0.0,3.73,2023.0,5.0,29698092,28879803.101984765,28900559.370572038,29528266.95,29162624.204210144,3039.9999999998763,19890794.31296014,29162624.204210144
1596.0,3.0,3.0,8.1,13.0,3.6,0.0,0.0,4.0,2023.0,10.0,27699807,23558303.12780396,23538352.63575874,23879519.476190478,22999464.13046091,3039.9999999998986,19889182.349807184,22999464.13046091
2555.0,5.0,4.0,5.4,7.0,20.0,0.0,1.0,7.58,2023.0,5.0,28079851,29977231.4210755,30009703.191419058,28427322.15,28126083.286391478,3039.9999999998363,19890734.04547621,28126083.286391478
1497.0,3.0,3.0,9.6,8.0,1.0,0.0,1.0,5.83,2019.0,10.0,23898016,25505958.849688817,25476421.043738812,23525745.5,23443691.38698525,3039.9999999999804,19889493.029211402,23443691.38698525
1452.0,2.0,2.0,7.3,62.0,8.9,0.0,1.0,7.6,2022.0,9.0,14846402,16850368.56969578,16905894.62684064,18901671.458333332,18246281.88932917,3039.9999999998845,19887163.132829648,18246281.88932917
1483.0,3.0,3.0,7.5,32.0,25.2,1.0,1.0,1.99,2012.0,1.0,18807907,19242649.228188116,19281221.79286871,18485849.56521739,19083424.26235439,3040.0000000000946,19887285.785509136,19083424.26235439
788.0,1.0,2.0,8.6,19.0,1.0,0.0,0.0,2.55,2021.0,7.0,10916630,13972693.078969982,13960932.95072891,12501566.965517242,11468362.7108225,3039.9999999999536,19886533.73169655,11468362.7108225
2055.0,5.0,4.0,4.0,32.0,15.5,1.0,0.0,1.44,2016.0,5.0,18940663,19687072.94149948,19631052.060357932,19094015.59090909,18624951.18922647,3040.0000000000005,19889414.515146594,18624951.18922647
1021.0,2.0,2.0,8.1,22.0,5.0,1.0,1.0,4.48,2021.0,11.0,14132547,15765006.66767447,15701835.972838368,14776566.136363637,13477166.647851922,3039.9999999999336,19886947.505355045,13477166.647851922
2758.0,6.0,5.0,8.2,18.0,1.0,0.0,0.0,3.73,2015.0,4.0,34940363,37856179.49483158,37853819.23779352,39535490.058823526,39149108.293437846,3040.0000000000555,19893170.780047778,39149108.293437846
2030.0,5.0,3.0,7.3,19.0,6.4,1.0,1.0,4.21,2015.0,11.0,26819570,26702800.02906333,26621663.086620674,27455044.4,26978229.619068798,3040.0000000000414,19890366.322857156,26978229.619068798
1476.0,3.0,4.0,3.6,47.0,17.6,0.0,0.0,0.5,2014.0,7.0,11984294,10601757.280554345,10596573.166083204,11704231.851851853,12397210.894416232,3040.0000000000405,19887286.139594615,12397210.894416232
1627.0,4.0,2.0,8.1,29.0,9.2,1.0,1.0,3.14,2011.0,3.0,23539283,22332615.740337368,22303527.508868057,22295624.304347824,21882516.499736287,3040.0000000001282,19888399.928185195,21882516.499736287
1327.0,3.0,2.0,6.7,45.0,14.9,1.0,1.0,2.31,2013.0,5.0,15596914,14936127.545268606,14917905.770456446,16299237.027027028,16218997.489415621,3040.0000000000778,19886680.462020114,16218997.489415621
1924.0,4.0,3.0,4.2,37.0,15.4,1.0,1.0,3.21,2013.0,9.0,17972988,17584444.176095016,17551430.82754309,17022004.024390243,17409350.953073613,3040.000000000051,19888163.84956934,17409350.953073613
1139.0,2.0,3.0,5.5,18.0,15.5,1.0,1.0,6.38,2013.0,10.0,11401765,11340452.966459185,11321318.415696615,12379241.371428572,11756995.436393403,3040.0000000000446,19886429.9214978,11756995.436393403
3097.0,5.0,4.0,8.0,20.0,5.4,0.0,0.0,4.65,2018.0,10.0,45330725,40990612.777691916,41068214.07312636,48046301.91304348,47204880.29413343,3039.999999999987,19892677.44897256,47204880.29413343
1891.0,3.0,2.0,9.0,14.0,5.0,1.0,1.0,4.07,2016.0,5.0,29032820,28211166.312723827,28230891.074078068,28644810.85714286,28906048.039490398,3040.0000000000387,19888914.16772041,28906048.039490398
1221.0,2.0,2.0,9.6,23.0,10.9,1.0,1.0,3.39,2015.0,9.0,16042585,20805464.03087017,20809455.456051957,18745207.173913043,19163661.8646867,3040.0000000000623,19887206.241488498,19163661.8646867
870.0,1.0,1.0,5.7,49.0,7.2,1.0,1.0,4.9,2019.0,7.0,8086425,6810348.129580166,6798440.816467896,8386897.928571428,8783438.613353817,3039.9999999999472,19884813.3306727,8783438.613353817
1273.0,2.0,2.0,7.8,6.0,8.9,0.0,0.0,5.31,2014.0,1.0,17610786,18154120.64699057,18207899.906604957,17428407.222222224,17592516.327541098,3040.0000000000564,19887109.486058068,17592516.327541098
1846.0,4.0,3.0,7.5,9.0,17.9,0.0,1.0,2.52,2011.0,4.0,25441681,24902582.843798768,24919407.742034964,24910523.5,24875915.169346828,3040.0000000001182,19889052.14668761,24875915.169346828
2342.0,5.0,2.0,6.9,28.0,14.3,1.0,0.0,6.25,2015.0,3.0,30928502,28490390.143557247,28527108.670774844,32043777.7,30103484.407213796,3040.0000000000164,19889649.726104364,30103484.407213796
1321.0,2.0,3.0,6.3,15.0,14.0,0.0,1.0,3.54,2015.0,4.0,15399412,15615012.121057365,15639487.77236,15398161.75,15533073.22230799,3040.00000000003,19886987.040457338,15533073.22230799
2369.0,4.0,4.0,7.8,21.0,20.8,1.0,0.0,3.14,2012.0,8.0,37764978,31267575.613270074,31342075.251586244,29303229.464285713,32219134.427650608,3040.0000000000946,19890244.145027157,32219134.427650608
1843.0,4.0,4.0,9.9,9.0,1.0,1.0,0.0,3.0,2016.0,1.0,31946625,30512339.149824943,30491297.085290678,28644810.85714286,28978712.045368146,3040.0000000000555,19890757.045791194,28978712.045368146
1347.0,2.0,2.0,7.8,15.0,8.0,0.0,1.0,4.46,2013.0,7.0,17776775,18677140.523070592,18703292.305076513,17428407.222222224,17495398.1612836,3040.0000000000823,19887187.807409734,17495398.1612836
1888.0,4.0,3.0,3.5,10.0,17.4,0.0,1.0,5.18,2011.0,8.0,18509463,16772359.117899416,16758363.298698748,17022004.024390243,16284783.45854773,3040.0000000000705,19888176.753481958,16284783.45854773
1124.0,3.0,3.0,9.1,21.0,13.9,1.0,1.0,5.86,2013.0,8.0,16325540,18870544.98595353,18837847.96667256,18745207.173913043,16710864.33865279,3040.0000000000787,19887930.37863463,16710864.33865279
1101.0,2.0,3.0,9.2,40.0,12.2,0.0,0.0,4.33,2018.0,5.0,14934417,17890007.55491804,17937734.089581355,18745207.173913043,16019283.40747606,3039.999999999993,19887438.849639136,16019283.40747606
1337.0,2.0,2.0,5.3,16.0,20.3,1.0,0.0,5.17,2013.0,10.0,11351647,13067739.340649813,13098936.539283246,13638902.5,13834579.152735038,3040.000000000045,19885907.17021271,13834579.152735038
1977.0,4.0,3.0,2.9,15.0,26.7,1.0,1.0,2.12,2020.0,10.0,14795896,17161401.9730087,17121992.98741987,14044329.81081081,14859060.70907059,3039.9999999999,19887707.870076034,14859060.70907059
937.0,1.0,1.0,8.2,8.0,17.2,0.0,0.0,0.5,2021.0,10.0,12738908,15281043.394893035,15310678.534452189,12501566.965517242,12918107.401764438,3039.999999999946,19885631.540321957,12918107.401764438
2675.0,5.0,4.0,9.5,34.0,1.0,0.0,0.0,1.78,2023.0,4.0,45913731,39003929.444210336,39036277.553417385,39535490.058823526,39481112.52239193,3039.9999999999236,19892224.927177902,39481112.52239193
2310.0,5.0,3.0,5.5,13.0,24.8,1.0,1.0,4.29,2019.0,7.0,25299164,26688185.239578445,26679930.214116514,25799369.28125,26406311.456457652,3039.999999999929,19889507.61140295,26406311.456457652
1814.0,3.0,3.0,4.0,18.0,22.6,0.0,1.0,6.28,2019.0,12.0,13617058,16781905.78234072,16806361.797015246,17022004.024390243,16227254.651853979,3039.999999999909,19887569.268921625,16227254.651853979
1724.0,3.0,3.0,6.0,38.0,14.7,1.0,0.0,4.15,2010.0,2.0,16454326,18281080.80943321,18334376.328945022,18131317.5,19288699.888899256,3040.0000000001182,19887670.6591898,19288699.888899256
1251.0,3.0,3.0,7.2,30.0,6.5,0.0,0.0,7.76,2011.0,11.0,15931371,15543042.677736755,15534859.697076518,16299237.027027028,16255476.680837348,3040.0000000000978,19888079.399095397,16255476.680837348
2072.0,4.0,3.0,7.8,32.0,7.7,0.0,0.0,5.84,2012.0,3.0,28879427,26787858.458289605,26850573.346929476,27455044.4,27818692.629201278,3040.000000000092,19889819.17058841,27818692.629201278
2824.0,6.0,4.0,8.6,13.0,1.7,0.0,0.0,4.4,2013.0,1.0,44983063,39283541.552255034,39312165.30029297,39535490.058823526,41897569.8492086,3040.0000000000923,19892741.967285257,41897569.8492086
1716.0,4.0,3.0,6.6,18.0,8.6,0.0,1.0,3.63,2015.0,7.0,23507944,21299367.303629868,21258759.762503203,20119482.19047619,21204546.8856236,3040.000000000037,19889120.656649992,21204546.8856236
1648.0,4.0,4.0,7.5,28.0,13.1,1.0,1.0,0.77,2019.0,12.0,20485662,22630075.51419805,22545510.532964475,22114343.3,21700307.304467853,3039.99999999998,19889443.036494546,21700307.304467853
1260.0,3.0,4.0,5.9,23.0,20.6,0.0,1.0,3.63,2023.0,6.0,14342020,14689602.772209197,14658332.253554476,12379241.371428572,13683203.649873734,3039.999999999865,19887745.848758187,13683203.649873734
1569.0,3.0,3.0,4.5,7.0,23.5,0.0,1.0,2.62,2017.0,4.0,15069273,15581721.37488424,15589536.340858098,14838220.55,14790200.990212014,3039.999999999972,19887138.67703021,14790200.990212014
2359.0,6.0,5.0,5.4,29.0,18.2,1.0,1.0,4.93,2018.0,1.0,28433462,26842744.805014394,26798709.42616882,25799369.28125,26558299.301929127,3039.999999999949,19891147.637574174,26558299.301929127
2248.0,4.0,4.0,8.7,7.0,12.3,0.0,0.0,3.05,2022.0,9.0,33674558,33245916.160522282,33279320.72821277,30787694.533333335,32692590.634194322,3039.9999999999186,19891019.56494432,32692590.634194322
1749.0,4.0,3.0,5.9,25.0,14.2,1.0,1.0,4.09,2015.0,1.0,19735084,19783479.252790425,19759931.405934818,18131317.5,19913266.147260852,3040.000000000022,19888422.13281838,19913266.147260852
1090.0,2.0,2.0,9.7,32.0,1.5,0.0,0.0,2.8,2016.0,2.0,17417973,19000505.82617719,19023791.188573096,14776566.136363637,14946537.775224354,3040.000000000056,19887471.987400245,14946537.775224354
1293.0,2.0,3.0,5.8,33.0,15.4,1.0,0.0,4.64,2023.0,12.0,14239866,13768197.035803057,13760863.732237615,13638902.5,13115887.933266098,3039.999999999864,19886811.36016958,13115887.933266098
1961.0,5.0,4.0,7.0,20.0,6.3,0.0,0.0,4.69,2015.0,7.0,20327276,25256657.302838393,25215845.782443434,24461516.32142857,26091051.5565631,3040.0000000000355,19890859.404686745,26091051.5565631
2827.0,5.0,4.0,4.6,19.0,20.7,0.0,0.0,3.99,2021.0,3.0,27748292,30848612.90626861,30923960.69330761,26347685.181818184,28747680.73925659,3039.999999999888,19890730.61320911,28747680.73925659
1481.0,4.0,4.0,5.4,32.0,15.9,0.0,0.0,2.91,2023.0,3.0,16989808,15985694.79333482,15944910.922017185,14383623.42857143,15487322.699507372,3039.9999999998686,19888590.204068523,15487322.699507372
1543.0,3.0,4.0,5.1,20.0,12.9,1.0,1.0,4.82,2015.0,1.0,18259315,15876890.7358977,15859738.527301878,15512679.384615384,15826622.533235079,3040.0000000000127,19888006.658456903,15826622.533235079
2368.0,5.0,4.0,2.6,12.0,22.0,1.0,0.0,4.86,2019.0,2.0,20096327,21413163.236526653,21408098.031518262,19426701.4,18742110.5346357,3039.9999999999036,19889380.500240024,18742110.5346357
2749.0,6.0,4.0,5.7,15.0,21.6,0.0,0.0,1.09,2022.0,9.0,31249199,33009921.228830636,33007713.517215975,32123273.555555556,32970172.020956706,3039.9999999998945,19891368.792520516,32970172.020956706
1800.0,4.0,4.0,8.4,12.0,9.2,1.0,1.0,3.45,2017.0,3.0,31620994,26799539.61629446,26763375.989964563,25226172.545454547,26783796.534969173,3040.000000000013,19890133.304213446,26783796.534969173
1711.0,3.0,2.0,9.4,31.0,3.9,0.0,1.0,0.5,2021.0,2.0,26860556,26614674.054193586,26628063.374940295,26199329.93548387,26434324.792695776,3039.9999999999673,19888720.810586616,26434324.792695776
3291.0,7.0,6.0,7.8,12.0,20.7,1.0,0.0,3.61,2022.0,2.0,54164862,44535643.79885934,44567031.27632808,48046301.91304348,46703087.278598525,3039.9999999998963,19893418.32625087,46703087.278598525
1872.0,2.0,1.0,5.7,22.0,18.9,0.0,0.0,5.2,2016.0,5.0,17445323,19828520.75033647,19958606.49885925,19771590.40909091,20824038.91989632,3039.9999999999905,19886368.088381443,20824038.91989632
2520.0,6.0,4.0,4.3,29.0,16.2,1.0,1.0,5.34,2020.0,10.0,27222777,26365441.948081505,26298558.53138176,23801798.444444444,24447853.994666427,3039.9999999999022,19890867.993599154,24447853.994666427
2480.0,5.0,4.0,5.6,10.0,23.6,1.0,0.0,4.08,2022.0,1.0,30778173,29409315.126300134,29440463.318441577,29528266.95,28709693.646177616,3039.9999999998736,19890275.91792842,28709693.646177616
2174.0,3.0,2.0,8.1,13.0,8.9,0.0,1.0,4.42,2016.0,5.0,29429015,29623877.444174178,29702738.117950007,30787694.533333335,30593874.202679176,3040.000000000025,19889090.88726036,30593874.202679176
1540.0,4.0,3.0,5.9,8.0,17.7,0.0,1.0,9.31,2013.0,1.0,17622260,17651993.600810673,17657884.03788374,15788654.46511628,16935704.75094582,3040.0000000000264,19888293.54751343,16935704.75094582
2090.0,4.0,2.0,6.2,13.0,16.3,0.0,1.0,6.98,2013.0,4.0,27899411,24444835.97362381,24497465.82124648,26414813.1,24209190.742262583,3040.000000000044,19888664.19089899,24209190.742262583
2374.0,3.0,3.0,6.6,12.0,7.3,0.0,0.0,3.2,2016.0,4.0,27954539,29102662.96792794,29195743.1699399,29303229.464285713,29467453.129648227,3040.000000000021,19889622.256467454,29467453.129648227
989.0,2.0,2.0,9.2,41.0,1.0,0.0,1.0,2.61,2015.0,11.0,15389581,16377598.436270151,16344523.6220463,14776566.136363637,13667546.264148152,3040.000000000074,19887265.040826585,13667546.264148152
1365.0,2.0,2.0,1.7,17.0,22.7,0.0,0.0,6.74,2018.0,3.0,8237997,5953586.5447203275,6005187.787063347,8945179.545454545,9615405.845034767,3039.999999999906,19885256.506089382,9615405.845034767
931.0,3.0,4.0,6.1,58.0,14.7,0.0,1.0,4.26,2017.0,2.0,8527535,8921212.370253155,8884615.661608119,8386897.928571428,9397759.781324295,3039.999999999984,19887203.438192856,9397759.781324295
1475.0,3.0,2.0,7.6,9.0,9.2,0.0,1.0,5.29,2013.0,5.0,19861360,20262291.147095922,20267068.66180662,18485849.56521739,18920123.581470504,3040.0000000000737,19887874.410982016,18920123.581470504
1652.0,4.0,4.0,9.6,22.0,1.0,1.0,1.0,8.52,2015.0,1.0,23951082,26597193.050155904,26571137.77584462,25716074.65,26171119.161131438,3040.00000000004,19890330.09490206,26171119.161131438
1512.0,3.0,3.0,9.0,29.0,6.2,1.0,1.0,3.76,2020.0,4.0,20983592,23503567.413542718,23482416.72598249,21650582.818181816,22461454.073886253,3039.999999999962,19888761.100346442,22461454.073886253
1397.0,2.0,2.0,5.8,46.0,15.3,1.0,1.0,6.21,2017.0,9.0,14299580,13605146.808488853,13632131.264945284,17106044.844827585,14507188.148200076,3039.9999999999704,19886182.57240378,14507188.148200076
2279.0,5.0,4.0,5.2,30.0,14.9,0.0,1.0,2.78,2016.0,7.0,23203095,24947834.87455069,24929483.295448944,25799369.28125,24791928.98420661,3040.0000000000036,19890323.79760611,24791928.98420661
1974.0,3.0,2.0,7.4,37.0,7.0,1.0,1.0,5.67,2016.0,11.0,24540313,24523249.585053034,24547432.651915155,27455044.4,26013775.354024388,3040.000000000014,19888455.847891785,26013775.354024388
2573.0,5.0,3.0,3.2,80.0,22.1,0.0,0.0,5.61,2022.0,3.0,17475726,21420118.78575514,21505155.307790376,19426701.4,20626665.27060269,3039.9999999998454,19888819.558468513,20626665.27060269
884.0,2.0,2.0,6.1,34.0,21.9,1.0,1.0,5.55,2012.0,7.0,9930316,8445109.795517262,8443105.768992752,8386897.928571428,8727230.077821154,3040.000000000067,19885215.632614512,8727230.077821154
978.0,1.0,1.0,4.3,14.0,15.9,1.0,1.0,4.39,2020.0,12.0,8806019,7058686.069501292,7032716.196135318,8450852.444444444,8626037.088083435,3039.9999999999113,19884581.086477455,8626037.088083435
1542.0,3.0,2.0,7.1,28.0,13.5,1.0,1.0,5.11,2013.0,3.0,18515426,19009613.565864373,19024787.274291027,18485849.56521739,19162570.80597023,3040.0000000000655,19887302.338750012,19162570.80597023
2036.0,4.0,3.0,7.6,17.0,6.5,1.0,1.0,3.52,2011.0,11.0,28535169,27001659.291642517,26971875.46448907,27455044.4,27856491.335640807,3040.0000000001255,19889810.205643382,27856491.335640807
2445.0,5.0,4.0,6.7,32.0,5.1,0.0,1.0,5.05,2015.0,4.0,25217012,29768251.660597976,29775447.38188753,30270779.85714286,30481609.841667667,3040.0000000000314,19891317.02975704,30481609.841667667
2289.0,5.0,4.0,6.0,22.0,7.8,0.0,0.0,3.47,2018.0,10.0,30301414,27225810.962672185,27197519.252196055,27435610.769230768,26997471.567210857,3039.999999999975,19891040.112812664,26997471.567210857
1706.0,4.0,4.0,6.1,11.0,14.4,0.0,1.0,4.34,2019.0,3.0,20124915,20929553.64934413,20900388.01972137,20119482.19047619,20918971.509629473,3039.999999999945,19889332.82558945,20918971.509629473
1635.0,3.0,3.0,7.9,45.0,8.1,1.0,1.0,8.6,2017.0,9.0,20587398,21255761.609859858,21268722.264976542,22295624.304347824,21752450.865204886,3039.9999999999804,19888552.590237267,21752450.865204886
2044.0,5.0,5.0,4.7,29.0,10.7,1.0,0.0,5.6,2016.0,1.0,21488703,21150075.45123755,21111067.144851588,20413472.405405406,20430759.87623239,3039.9999999999864,19890358.942121364,20430759.87623239
1904.0,4.0,4.0,5.1,20.0,14.6,1.0,0.0,6.16,2015.0,8.0,18150418,20216726.056606915,20204361.469970044,20886841.23529412,19903130.21051202,3040.000000000003,19889231.903864607,19903130.21051202
2398.0,4.0,3.0,7.3,28.0,12.8,1.0,0.0,6.45,2019.0,6.0,26306415,30282315.743782595,30348130.582142714,29303229.464285713,31204408.40198672,3039.9999999999436,19890056.41299012,31204408.40198672
2605.0,5.0,4.0,4.6,21.0,16.1,0.0,1.0,4.99,2020.0,1.0,23984914,28106809.98235332,28139356.634530075,23801798.444444444,25456906.51710495,3039.9999999999063,19890574.809579015,25456906.51710495
2097.0,4.0,3.0,9.1,9.0,8.1,1.0,0.0,4.6,2012.0,6.0,36169346,31156417.573464714,31183625.51224951,29194194.04255319,31651950.109758228,3040.00000000011,19890266.009213395,31651950.109758228
593.0,1.0,2.0,8.0,21.0,8.2,0.0,1.0,6.54,2011.0,8.0,7617378,9353842.939613622,9356861.279363524,5424002.545454546,7100499.390045307,3040.000000000111,19885692.670916006,7100499.390045307
1912.0,5.0,4.0,2.4,11.0,22.7,1.0,0.0,6.73,2020.0,6.0,12718440,15634504.411529917,15573125.818418954,14044329.81081081,13705490.504876068,3039.9999999998718,19888783.417322904,13705490.504876068
1773.0,5.0,4.0,5.9,40.0,15.9,0.0,1.0,2.54,2014.0,1.0,21620267,19763866.32993915,19724952.9673266,18131317.5,19378454.329637986,3040.0000000000477,19889436.384351894,19378454.329637986
1748.0,3.0,3.0,9.0,23.0,10.0,0.0,0.0,2.06,2023.0,11.0,30404393,26815345.900449283,26833324.931651313,28644810.85714286,26858881.920609236,3039.999999999911,19889254.453532025,26858881.920609236
2093.0,5.0,5.0,6.1,20.0,11.0,0.0,1.0,3.57,2014.0,2.0,27553101,25210105.758253522,25179809.64056923,24792279.871794872,23797818.113897223,3040.0000000000487,19890944.340198737,23797818.113897223
725.0,1.0,2.0,7.5,9.0,11.6,1.0,1.0,5.34,2016.0,5.0,10142217,10938759.012625264,10926414.215641934,8200115.705882353,8686299.298497673,3040.0000000000136,19885491.253310293,8686299.298497673
1473.0,4.0,3.0,5.5,10.0,22.1,1.0,0.0,2.7,2010.0,11.0,17089045,16101097.028279537,16049000.713112619,15788654.46511628,16055729.86785415,3040.0000000001164,19887767.094619162,16055729.86785415
1583.0,3.0,4.0,7.3,29.0,7.7,0.0,0.0,5.57,2021.0,5.0,25907215,20813365.0673616,20829501.43016461,20639159.83870968,21223884.240121342,3039.9999999999163,19889147.943655122,21223884.240121342
2653.0,6.0,5.0,5.1,41.0,18.0,1.0,0.0,2.5,2010.0,1.0,26574010,28514689.12929797,28529356.52779974,32123273.555555556,29116939.536389742,3040.0000000001155,19891084.369053204,29116939.536389742
1399.0,2.0,2.0,8.7,12.0,8.7,0.0,0.0,9.41,2016.0,11.0,20048469,21135254.50638692,21200082.321071494,20241131.304347824,21278192.012726024,3040.0000000000023,19887769.38036557,21278192.012726024
1968.0,3.0,2.0,7.2,21.0,6.7,1.0,1.0,2.26,2018.0,6.0,25521610,25232504.45015138,25238145.07765393,24461516.32142857,26335775.086281467,3039.999999999994,19888431.31139598,26335775.086281467
2214.0,5.0,4.0,6.1,28.0,14.0,0.0,0.0,7.79,2023.0,11.0,24640319,26278279.95733325,26273458.001713894,24792279.871794872,26270184.92608346,3039.9999999998477,19890682.911651433,26270184.92608346
891.0,2.0,1.0,6.5,13.0,19.6,0.0,0.0,4.17,2015.0,12.0,9389402,10454510.57701181,10453958.07796321,11589813.84,11480617.254299348,3040.0000000000236,19885362.524840068,11480617.254299348
2067.0,5.0,4.0,6.3,36.0,16.4,1.0,0.0,0.5,2014.0,3.0,23999553,24355808.974618092,24332158.587792087,22946784.169491526,23590216.374466296,3040.0000000000628,19889867.714874737,23590216.374466296
2445.0,5.0,5.0,5.1,25.0,26.5,1.0,0.0,5.58,2018.0,9.0,30272317,27018923.899677,27046169.09239461,25799369.28125,25729352.082467917,3039.999999999936,19890505.80978007,25729352.082467917
1494.0,3.0,2.0,7.3,38.0,20.0,1.0,0.0,4.16,2013.0,8.0,15494340,18286137.57678024,18321591.683708508,18485849.56521739,18879648.906332444,3040.000000000067,19887001.750755027,18879648.906332444
1554.0,3.0,4.0,5.5,23.0,17.0,1.0,1.0,3.71,2017.0,7.0,16130085,16920568.31884975,16894785.479932718,17106044.844827585,17128815.662899565,3039.9999999999804,19888026.89059416,17128815.662899565
589.0,2.0,3.0,8.1,26.0,9.6,0.0,1.0,5.9,2011.0,3.0,7184092,9760934.397906441,9734998.211181697,7212009.625,7163295.361176504,3040.0000000001132,19886537.78911711,7163295.361176504
861.0,2.0,2.0,6.5,13.0,12.3,0.0,1.0,3.78,2015.0,12.0,10228322,10516666.088246582,10466066.524250973,10118616.55,11300310.83307353,3040.0000000000337,19886087.966813434,11300310.83307353
2255.0,5.0,4.0,5.5,12.0,11.0,1.0,0.0,3.41,2020.0,9.0,23362297,26459777.405403726,26403616.39855791,23593008.13157895,25297792.991791643,3039.9999999999295,19890675.89739997,25297792.991791643
1558.0,3.0,2.0,5.3,9.0,14.2,0.0,0.0,6.0,2015.0,1.0,15504906,16347267.708998062,16385913.418630127,15512679.384615384,16229773.970586145,3040.000000000006,19887167.89159597,16229773.970586145
1535.0,2.0,2.0,5.0,40.0,8.6,1.0,0.0,2.57,2010.0,6.0,11359990,13516243.08024231,13550520.589328334,14383623.42857143,14599735.894859409,3040.000000000127,19886328.481633008,14599735.894859409
1062.0,2.0,1.0,7.6,5.0,6.1,1.0,1.0,3.62,2011.0,9.0,15870158,15148514.080222247,15104972.891337994,14776566.136363637,14227997.563129261,3040.000000000127,19886283.221473817,14227997.563129261
2504.0,4.0,4.0,4.6,25.0,15.9,1.0,0.0,1.44,2010.0,3.0,22606406,25890534.66910621,25949774.721429385,23801798.444444444,24687172.73156657,3040.000000000121,19889574.57039406,24687172.73156657
1761.0,5.0,4.0,3.6,36.0,16.2,1.0,1.0,6.86,2021.0,11.0,12060114,15300675.72209793,15193279.54922739,15629419.103448275,15359268.513600338,3039.999999999869,19889051.403891593,15359268.513600338
1492.0,3.0,2.0,6.6,44.0,17.2,0.0,0.0,4.93,2023.0,6.0,16625843,17140131.40527823,17176283.762636255,19966895.90909091,18211983.77777189,3039.999999999866,19887188.94504461,18211983.77777189
2113.0,4.0,2.0,8.1,24.0,9.6,1.0,1.0,4.34,2010.0,1.0,31164056,28151497.420466915,28189318.212359548,30787694.533333335,29793951.164541602,3040.0000000001396,19889117.952170387,29793951.164541602
3015.0,6.0,5.0,5.7,21.0,10.5,0.0,0.0,6.65,2010.0,9.0,32898111,34861924.57799666,34906337.58157519,35528545.0,35324924.6235514,3040.0000000001046,19892527.204216603,35324924.6235514
1854.0,3.0,3.0,8.1,13.0,10.4,1.0,0.0,3.99,2015.0,7.0,30186053,25978692.209731407,26011366.688538007,25226172.545454547,26656707.397347223,3040.0000000000455,19889009.647130556,26656707.397347223
1154.0,3.0,2.0,4.6,15.0,21.0,0.0,1.0,7.38,2021.0,4.0,11751550,10227970.55124105,10207151.268905964,10554704.55,10985539.853992224,3039.99999999987,19886237.71047466,10985539.853992224
1196.0,3.0,3.0,7.1,11.0,3.0,0.0,0.0,4.96,2011.0,8.0,15001709,15882406.219032694,15840424.045718133,16209812.5,15716382.708306467,3040.000000000117,19888171.959124833,15716382.708306467
678.0,2.0,1.0,7.3,29.0,9.9,1.0,0.0,4.26,2019.0,1.0,7543059,9114705.918511184,9080729.77803588,8200115.705882353,8052364.536666039,3039.999999999961,19885308.930987086,8052364.536666039
1271.0,2.0,2.0,7.8,36.0,13.6,0.0,0.0,0.78,2020.0,9.0,17706287,17323787.766232237,17350603.302623544,16299237.027027028,16844911.67526244,3039.999999999963,19886791.770280283,16844911.67526244
920.0,2.0,3.0,2.1,23.0,25.4,1.0,1.0,2.37,2017.0,5.0,5823686,1832790.2578748874,1779370.450140942,6659903.0,6754322.75562936,3039.999999999952,19884874.141988866,6754322.75562936
1824.0,2.0,3.0,3.8,17.0,30.3,0.0,0.0,4.58,2021.0,10.0,17285362,16378300.6349084,16481083.026134256,17022004.024390243,15673925.715007035,3039.999999999871,19886698.998180807,15673925.715007035
1502.0,2.0,2.0,6.6,28.0,13.2,1.0,0.0,4.93,2023.0,6.0,18687581,17899176.554171294,17936806.12173272,19966895.90909091,18760232.7123129,3039.9999999998704,19886782.31763874,18760232.7123129
500.0,1.0,1.0,8.7,12.0,11.6,0.0,0.0,4.62,2019.0,4.0,7484570,10545597.698589277,10558532.582904441,7212009.625,7110863.586111821,3039.9999999999695,19885233.251917716,7110863.586111821
2105.0,4.0,4.0,7.3,7.0,7.5,0.0,1.0,7.15,2016.0,4.0,29442702,27995988.404251747,28015722.547628775,27455044.4,28281844.841167383,3040.000000000003,19890573.099472627,28281844.841167383
2081.0,4.0,3.0,7.0,35.0,16.9,1.0,1.0,4.87,2019.0,10.0,28477646,25756167.33244304,25762384.408224367,24461516.32142857,25820604.180169508,3039.999999999947,19889254.80706701,25820604.180169508
1731.0,3.0,2.0,8.0,15.0,14.2,1.0,1.0,3.35,2021.0,7.0,20797001,24544812.89657908,24546810.964735262,25226172.545454547,24348794.08382572,3039.999999999929,19888082.058667537,24348794.08382572
1420.0,3.0,3.0,8.6,26.0,6.4,1.0,1.0,2.69,2023.0,7.0,21499733,22046962.2576353,21990317.36251025,20241131.304347824,20979521.885547057,3039.9999999999072,19888602.595770396,20979521.885547057
1840.0,4.0,3.0,6.1,10.0,18.2,1.0,1.0,2.31,2023.0,4.0,20693346,22772649.565527566,22730567.191811223,20119482.19047619,21004027.476364203,3039.999999999876,19888694.85715011,21004027.476364203
2255.0,4.0,3.0,6.2,17.0,12.0,0.0,1.0,7.42,2023.0,7.0,28100594,27173861.5399058,27202927.5625459,24792279.871794872,26522139.15230586,3039.9999999998527,19889834.607273176,26522139.15230586
1564.0,3.0,2.0,4.3,2.0,17.4,1.0,0.0,4.31,2023.0,4.0,17818263,15422185.586675532,15402509.357478302,14838220.55,14444426.684258997,3039.9999999998504,19886863.03525434,14444426.684258997
1799.0,4.0,3.0,4.5,9.0,8.8,1.0,0.0,6.88,2023.0,1.0,17349527,18601753.257837474,18561237.571252733,15629419.103448275,17157672.967253756,3039.9999999998445,19888673.238372877,17157672.967253756
1183.0,2.0,2.0,5.3,23.0,19.6,0.0,1.0,3.59,2013.0,1.0,12067736,11023370.322092205,11063058.143814314,12379241.371428572,12028944.866898784,3040.000000000054,19885635.278301354,12028944.866898784
1365.0,2.0,2.0,4.5,22.0,13.5,1.0,1.0,4.97,2018.0,12.0,12965963,11941559.50253904,11916395.1148805,11332276.55,12038461.906438008,3039.99999999995,19886091.43447178,12038461.906438008
1548.0,4.0,2.0,7.6,43.0,7.6,1.0,1.0,3.07,2013.0,3.0,20536416,19777988.012271173,19734582.273272317,22114343.3,19919472.075713564,3040.0000000000873,19888126.87277714,19919472.075713564
2267.0,5.0,3.0,5.6,26.0,15.1,1.0,1.0,7.74,2011.0,9.0,26061297,24946749.59428747,24939516.06746333,21656145.23809524,25347131.56651304,3040.000000000074,19889763.07290216,25347131.56651304
2743.0,5.0,3.0,7.6,42.0,15.0,0.0,1.0,2.04,2011.0,2.0,33862768,34244709.78918278,34333119.84499915,31758776.260869566,35110703.44153069,3040.0000000001232,19890639.314608224,35110703.44153069
1102.0,3.0,2.0,6.8,27.0,18.4,1.0,1.0,3.86,2012.0,6.0,12685877,13243903.455697533,13208077.23809101,14638642.523809524,13451415.815716302,3040.0000000000855,19886354.374791373,13451415.815716302
1399.0,3.0,3.0,5.7,14.0,19.2,1.0,0.0,3.16,2013.0,10.0,13679724,15386776.269949725,15365278.844357844,15788654.46511628,15283643.575173432,3040.000000000061,19887240.943603773,15283643.575173432
2826.0,5.0,4.0,9.2,32.0,3.6,0.0,0.0,1.52,2022.0,12.0,42617883,40225467.303439915,40255249.51157838,39535490.058823526,41593598.60519911,3039.99999999994,19892348.559028327,41593598.60519911
2743.0,7.0,6.0,7.1,23.0,14.8,0.0,0.0,6.36,2015.0,11.0,29593156,35369128.44582904,35343645.87140969,33553569.16129032,34326942.35951513,3040.0000000000173,19893248.65344276,34326942.35951513
1349.0,2.0,1.0,7.3,5.0,19.1,0.0,0.0,5.6,2011.0,6.0,18090558,17529893.61344742,17615013.048408423,17428407.222222224,17561851.605471097,3040.0000000000987,19886174.59710847,17561851.605471097
1064.0,3.0,3.0,7.1,14.0,12.9,0.0,1.0,6.51,2022.0,4.0,11392547,14902635.877792682,14857878.118751775,12241864.555555556,13236689.449687507,3039.999999999885,19887637.261624817,13236689.449687507
2097.0,4.0,3.0,7.9,28.0,4.3,0.0,0.0,3.05,2017.0,7.0,29122191,28108542.45339786,28126140.010949,27455044.4,28168283.187297944,3040.0000000000164,19890182.893036537,28168283.187297944
1862.0,3.0,3.0,7.5,39.0,10.6,1.0,0.0,7.59,2022.0,10.0,23703660,23731518.833884336,23770484.220501564,22467712.95652174,23492787.58409935,3039.999999999884,19888818.130788554,23492787.58409935
1028.0,2.0,2.0,3.2,6.0,19.4,1.0,0.0,5.68,2019.0,4.0,8249927,5921943.00959051,5899880.886969676,6659903.0,7263151.56088125,3039.999999999909,19885145.62418854,7263151.56088125
2130.0,3.0,2.0,5.2,27.0,20.9,1.0,0.0,3.59,2014.0,1.0,21933775,22012589.439868547,22113505.49781093,21656145.23809524,23012647.40819398,3040.000000000031,19887350.892872926,23012647.40819398
2568.0,5.0,4.0,7.0,20.0,10.1,0.0,1.0,2.74,2016.0,5.0,32416568,32686455.15712308,32701868.744694516,33553569.16129032,32797882.20163547,3040.0000000000236,19891486.224865336,32797882.20163547
2502.0,4.0,4.0,2.5,14.0,25.1,1.0,1.0,4.3,2017.0,8.0,16080152,22424145.689471956,22453198.675475094,19426701.4,19577546.104096398,3039.9999999999427,19888926.83719663,19577546.104096398
1675.0,2.0,1.0,5.7,14.0,16.8,0.0,1.0,4.89,2012.0,8.0,16942702,17783960.144886762,17860080.057565793,20649704.620689657,19267305.450825177,3040.0000000000723,19886220.723217152,19267305.450825177
500.0,1.0,2.0,8.8,21.0,1.3,1.0,1.0,3.44,2011.0,6.0,7354280,10219548.578601897,10166504.435323304,7212009.625,6821677.304746403,3040.000000000143,19885894.76179333,6821677.304746403
2999.0,7.0,5.0,8.9,39.0,4.8,1.0,1.0,4.58,2023.0,6.0,34087956,41980992.09055564,41933561.213106364,48046301.91304348,46930473.440857366,3039.999999999897,19893490.3002029,46930473.440857366
2711.0,6.0,6.0,8.8,43.0,11.4,0.0,1.0,0.5,2012.0,9.0,39903828,37554062.07275372,37550776.584936164,39535490.058823526,37491278.32973251,3040.0000000001273,19892744.540968627,37491278.32973251
1335.0,3.0,3.0,6.7,15.0,14.4,1.0,0.0,2.73,2017.0,2.0,18939869,16999373.82516841,16979692.886746146,17428407.222222224,17237877.80986161,3039.999999999998,19887535.930589072,17237877.80986161
500.0,1.0,2.0,2.9,17.0,26.6,0.0,1.0,4.29,2023.0,8.0,4019501,-1325213.082999926,-1359162.8474156074,4113720.037037037,4541340.1391429,3039.9999999998313,19884012.753151484,4541340.1391429
1100.0,2.0,1.0,3.6,27.0,20.6,1.0,0.0,6.85,2023.0,6.0,8626500,6487928.925518338,6489682.0247215275,10554704.55,9525227.587585049,3039.9999999998267,19884805.39877722,9525227.587585049
705.0,2.0,1.0,8.9,12.0,3.4,1.0,0.0,4.65,2016.0,8.0,9294428,13517806.125080742,13457780.139595905,8200115.705882353,9006654.384320749,3040.0000000000373,19886253.124845,9006654.384320749
3604.0,7.0,6.0,8.7,44.0,10.7,0.0,1.0,6.34,2018.0,2.0,49308274,48082089.167773515,48170682.66175549,48046301.91304348,47944163.90253366,3039.999999999975,19893925.33683541,47944163.90253366
1368.0,4.0,4.0,5.8,18.0,16.8,0.0,1.0,1.4,2016.0,6.0,17114330,15928237.793262446,15852172.33682755,17106044.844827585,14894414.55410731,3040.000000000016,19888508.869668495,14894414.55410731
2427.0,6.0,5.0,9.6,16.0,8.0,1.0,1.0,6.1,2012.0,1.0,38129574,36697401.39105195,36677275.49026385,37743448.40909091,38862231.3456393,3040.0000000001037,19892556.49604889,38862231.3456393
1961.0,3.0,2.0,6.9,5.0,13.7,0.0,1.0,3.83,2013.0,6.0,27746512,24803715.614649016,24857976.813150655,26971863.35,27238990.803407356,3040.000000000072,19888247.32973227,27238990.803407356
960.0,3.0,2.0,7.2,37.0,17.5,0.0,0.0,4.81,2019.0,11.0,10441299,12236727.091738507,12207440.773481881,11589813.84,11091198.500198595,3039.9999999999495,19886611.831106048,11091198.500198595
1424.0,3.0,2.0,5.5,19.0,10.7,1.0,1.0,4.52,2023.0,6.0,17975116,15544370.791497465,15486105.269445702,17106044.844827585,16347932.339602465,3039.9999999998663,19887099.026830394,16347932.339602465
2195.0,4.0,3.0,6.9,16.0,7.5,1.0,1.0,2.99,2020.0,12.0,24425736,28159992.23242911,28120654.314652853,29474937.8,29322584.50863322,3039.999999999948,19889968.776096143,29322584.50863322
1694.0,4.0,3.0,6.8,10.0,14.6,1.0,0.0,5.38,2010.0,7.0,24399745,21280683.315179296,21267488.00537753,21059400.9375,21185426.677915398,3040.0000000001187,19888761.065314207,21185426.677915398
1919.0,3.0,3.0,8.9,11.0,4.8,0.0,0.0,5.3,2015.0,1.0,22839382,28413324.513591155,28489109.802867386,29194194.04255319,29338130.821419686,3040.0000000000496,19889597.052674785,29338130.821419686
2412.0,4.0,5.0,4.3,10.0,16.1,1.0,0.0,2.02,2022.0,1.0,27863831,26044776.592677265,26063428.97284984,23801798.444444444,23652270.182584375,3039.999999999883,19890104.154422633,23652270.182584375
1577.0,3.0,2.0,6.2,38.0,7.3,0.0,0.0,2.75,2017.0,3.0,17059971,17365562.387120668,17384070.50298317,18671378.076923076,17855202.859411445,3040.000000000001,19887497.360088073,17855202.859411445
1771.0,4.0,3.0,5.4,9.0,11.7,0.0,0.0,2.78,2017.0,10.0,21082453,19996146.170257043,19955866.641409367,20649704.620689657,19540218.167748466,3039.9999999999905,19888877.474030066,19540218.167748466
1218.0,2.0,2.0,7.3,17.0,10.9,0.0,1.0,4.26,2016.0,5.0,14994700,16209191.323205926,16225575.95646584,16209812.5,16166572.211029952,3040.000000000018,19886705.15069839,16166572.211029952
2106.0,5.0,3.0,4.8,31.0,20.7,1.0,1.0,5.18,2011.0,5.0,19607871,21225421.737092104,21212549.880303796,20413472.405405406,20741473.75780653,3040.0000000000764,19888915.548740193,20741473.75780653
2014.0,3.0,3.0,3.8,8.0,23.8,0.0,0.0,6.42,2010.0,2.0,16268817,18401651.34860712,18511669.457787663,19094015.59090909,18443501.828722335,3040.0000000000778,19887574.028169595,18443501.828722335
1991.0,4.0,4.0,3.1,7.0,20.2,1.0,1.0,3.31,2020.0,3.0,15914695,18329719.43475973,18291878.350632142,14044329.81081081,16886791.659350235,3039.9999999999004,19888561.438223153,16886791.659350235
1766.0,2.0,2.0,5.6,36.0,16.4,1.0,0.0,5.3,2010.0,7.0,17698198,17478662.92906519,17576319.779869225,18131317.5,18792517.642348044,3040.000000000108,19886553.341180537,18792517.642348044
2673.0,5.0,4.0,9.0,23.0,5.3,0.0,0.0,3.17,2010.0,12.0,41130337,37458565.85055131,37501452.31581779,39535490.058823526,39035783.471195094,3040.000000000159,19892094.801694266,39035783.471195094
500.0,1.0,2.0,8.2,18.0,5.6,0.0,1.0,2.18,2010.0,11.0,6699898,9093779.98257694,9049583.088325188,7212009.625,6908673.44965226,3040.000000000161,19885792.70040125,6908673.44965226
1030.0,3.0,3.0,4.9,57.0,17.3,0.0,0.0,4.74,2022.0,4.0,9156952,7605807.882307388,7585686.172542876,8450852.444444444,9483596.8670109,3039.9999999998718,19886546.433483858,9483596.8670109
2030.0,2.0,2.0,6.3,18.0,11.1,1.0,0.0,1.82,2012.0,1.0,23040988,23397752.38299746,23501391.603137013,22946784.169491526,23646120.179302808,3040.0000000001,19887397.03146455,23646120.179302808
500.0,1.0,2.0,7.7,36.0,1.0,0.0,0.0,6.21,2020.0,12.0,4863749,7492563.285844881,7455440.7652615905,5424002.545454546,5891755.064664476,3039.9999999999445,19885990.510502797,5891755.064664476
1581.0,4.0,3.0,5.5,30.0,16.5,1.0,1.0,5.24,2019.0,9.0,19242490,16945182.337270148,16882585.55574898,18671378.076923076,17147082.65619974,3039.999999999933,19888127.414374698,17147082.65619974
1716.0,3.0,2.0,6.3,48.0,10.0,1.0,1.0,3.93,2018.0,5.0,17465726,18811017.805790745,18817731.25677324,21203234.4,20293001.476070885,3039.999999999973,19887442.176104806,20293001.476070885
1493.0,3.0,2.0,8.4,39.0,4.8,1.0,0.0,3.14,2013.0,1.0,18538786,20664196.84903755,20679549.812446795,21650582.818181816,20909003.01392251,3040.0000000000964,19887850.07007452,20909003.01392251
1573.0,3.0,2.0,4.2,26.0,11.0,1.0,1.0,3.17,2020.0,11.0,14811907,14091279.177432172,14027274.108048905,13836251.80952381,14104563.892403891,3039.9999999999213,19886929.142443426,14104563.892403891
2061.0,3.0,2.0,8.3,19.0,13.0,1.0,0.0,1.12,2011.0,12.0,31194854,28192634.693176012,28244708.488614976,29194194.04255319,29200187.797672737,3040.000000000139,19888578.647153098,29200187.797672737
2006.0,3.0,2.0,2.3,23.0,32.0,1.0,0.0,8.31,2010.0,12.0,12851732,14027456.476275796,14118258.612399593,14044329.81081081,13004971.832403474,3040.000000000047,19886489.099611007,13004971.832403474
2178.0,3.0,3.0,5.3,27.0,14.0,1.0,0.0,4.82,2022.0,4.0,25335496,23596754.410559673,23659445.28000573,21656145.23809524,22931512.9625387,3039.9999999998777,19888520.691313297,22931512.9625387
1517.0,4.0,3.0,3.7,16.0,13.0,0.0,1.0,6.69,2023.0,4.0,11714045,13302148.204079546,13234032.274038058,11704231.851851853,12940480.076065449,3039.9999999998354,19887975.98445975,12940480.076065449
1444.0,2.0,2.0,8.9,14.0,8.7,0.0,1.0,5.1,2012.0,12.0,18948671,22088947.95574492,22127312.496453665,20241131.304347824,21782504.83911243,3040.000000000107,19887706.311842233,21782504.83911243
1727.0,4.0,3.0,7.8,5.0,5.8,0.0,0.0,5.28,2014.0,4.0,26382948,24346477.439156707,24338869.390803676,21059400.9375,23133815.18111888,3040.000000000059,19889644.653131295,23133815.18111888
1301.0,3.0,3.0,7.3,13.0,8.6,0.0,0.0,5.96,2018.0,8.0,14915301,17851992.26480948,17832931.809801795,17428407.222222224,17804695.68403942,3039.999999999972,19888248.29259587,17804695.68403942
2251.0,4.0,4.0,6.2,24.0,8.2,0.0,1.0,2.57,2021.0,1.0,25926661,27176480.506004535,27191363.334248237,24792279.871794872,26290573.760032125,3039.999999999923,19890257.939777333,26290573.760032125
2425.0,5.0,3.0,5.9,12.0,17.6,1.0,0.0,4.65,2017.0,12.0,27684887,28730119.179880127,28724234.58771144,27435610.769230768,28053316.498472814,3039.999999999977,19890192.511857778,28053316.498472814
1097.0,3.0,2.0,7.4,8.0,16.6,1.0,0.0,7.98,2011.0,9.0,11584047,15010425.24395338,14993999.395127708,15422102.7,14727756.745419223,3040.0000000000878,19886954.151449744,14727756.745419223
1465.0,1.0,1.0,6.0,20.0,17.4,1.0,1.0,5.23,2018.0,12.0,16939382,15840590.98830615,15900773.32815923,17106044.844827585,16863601.554344732,3039.9999999999573,19885468.91145932,16863601.554344732
1236.0,2.0,1.0,6.3,34.0,19.1,1.0,1.0,2.46,2012.0,8.0,12809296,13008421.456567109,13025094.610893296,15398161.75,14303169.849118734,3040.0000000000896,19885329.808482062,14303169.849118734
2267.0,4.0,4.0,4.0,30.0,11.5,1.0,0.0,2.87,2016.0,12.0,17535443,21994929.839389533,21979396.27202136,19094015.59090909,19236008.864615917,3039.9999999999973,19889511.10475606,19236008.864615917
1533.0,2.0,2.0,6.4,30.0,13.1,0.0,0.0,1.66,2020.0,10.0,18755427,17728993.42890497,17769016.859535083,17106044.844827585,17735282.013195362,3039.999999999947,19886878.287974276,17735282.013195362
1836.0,4.0,3.0,7.9,8.0,14.5,1.0,1.0,2.97,2010.0,9.0,29247971,25652809.73880872,25627812.68295942,24910523.5,25915428.225796543,3040.0000000001423,19889256.070044965,25915428.225796543
1705.0,3.0,2.0,7.5,22.0,10.8,1.0,0.0,7.36,2017.0,2.0,23376021,22137246.47223015,22186709.094842248,21059400.9375,21718993.46478227,3039.999999999981,19887954.31433793,21718993.46478227
1150.0,2.0,2.0,3.5,26.0,20.8,1.0,1.0,5.25,2013.0,10.0,8867374,6648241.686889321,6632231.455754461,10554704.55,9557604.462958772,3040.000000000029,19885128.41655424,9557604.462958772
1185.0,2.0,2.0,9.6,20.0,2.6,0.0,1.0,5.92,2013.0,9.0,18660939,20234943.854516942,20246500.580379676,18745207.173913043,18433119.297396857,3040.0000000000946,19887707.78594362,18433119.297396857
2194.0,4.0,3.0,2.3,25.0,28.0,1.0,1.0,3.72,2022.0,2.0,16969061,17919984.59985037,17937796.14157198,14044329.81081081,13196342.027972504,3039.9999999998445,19887666.539547935,13196342.027972504
873.0,2.0,2.0,5.8,52.0,22.7,0.0,0.0,0.71,2023.0,11.0,8774855,7768961.139739523,7758177.071959717,8386897.928571428,8827220.58920109,3039.99999999988,19885546.461232133,8827220.58920109
2697.0,5.0,4.0,7.3,18.0,6.7,1.0,1.0,4.11,2017.0,6.0,35930911,34981454.150525756,34981930.29288541,36649673.76923077,34737359.73739097,3040.000000000002,19891839.354400974,34737359.73739097
1082.0,2.0,1.0,8.1,26.0,8.9,1.0,1.0,5.0,2019.0,8.0,15002660,15809586.097364496,15787651.025495764,14776566.136363637,13630679.868343245,3039.999999999965,19886197.73508024,13630679.868343245
500.0,1.0,1.0,4.4,9.0,21.5,1.0,1.0,2.54,2016.0,8.0,5142138,1674712.915881116,1621140.4853343703,4113720.037037037,4576968.665719548,3039.9999999999945,19883692.530165575,4576968.665719548
714.0,2.0,2.0,7.8,36.0,10.1,1.0,0.0,3.31,2020.0,1.0,7539566,10600790.589998681,10568981.639583219,8200115.705882353,8364024.748475463,3039.999999999951,19885941.622606255,8364024.748475463
2494.0,4.0,3.0,7.0,43.0,11.2,0.0,0.0,2.1,2015.0,12.0,33938737,30003934.1415881,30072161.130553447,31758776.260869566,31047288.385530792,3040.0000000000464,19890054.90462604,31047288.385530792
959.0,2.0,2.0,7.0,21.0,16.8,1.0,0.0,1.31,2011.0,1.0,10220020,12019618.850181658,12027925.115811966,11589813.84,11535541.887291847,3040.000000000123,19885761.264081113,11535541.887291847
2297.0,4.0,3.0,6.9,10.0,10.9,0.0,1.0,4.9,2018.0,9.0,35846417,29327533.400524624,29351420.296236634,29303229.464285713,29234397.828358576,3039.999999999972,19890149.757706888,29234397.828358576
2868.0,7.0,5.0,7.2,33.0,12.8,0.0,1.0,5.59,2015.0,9.0,39732762,36445766.13588616,36423596.191930294,40458005.28125,37268206.13233971,3040.000000000024,19893064.25624203,37268206.13233971
1318.0,2.0,1.0,1.0,30.0,23.5,0.0,1.0,3.18,2010.0,2.0,5298436,2748282.705264218,2786169.1784887314,8945179.545454545,9313507.558360148,3040.0000000000746,19884447.840236187,9313507.558360148
1783.0,4.0,3.0,7.2,10.0,3.6,1.0,0.0,1.38,2010.0,11.0,24702491,23534800.07569384,23469369.445969567,24910523.5,24387969.41502841,3040.0000000001573,19889422.799668476,24387969.41502841
1382.0,3.0,3.0,9.7,22.0,7.3,0.0,0.0,4.07,2019.0,4.0,21494341,23573147.480297487,23586674.47138533,20987425.692307692,21990173.69738003,3039.999999999984,19888907.681965634,21990173.69738003
1432.0,2.0,3.0,7.3,14.0,10.1,0.0,0.0,4.07,2019.0,4.0,18612916,19260167.26768542,19306113.328848645,18901671.458333332,18805944.39273309,3039.999999999962,19887714.502383802,18805944.39273309
1618.0,4.0,4.0,6.8,17.0,9.1,1.0,0.0,7.1,2017.0,7.0,16016398,20693521.18419364,20649270.273268845,19792090.173913043,20349839.889001712,3039.9999999999786,19889555.205323685,20349839.889001712
500.0,2.0,2.0,9.8,16.0,1.6,1.0,1.0,3.78,2020.0,7.0,8960840,13492120.039540928,13382309.78381906,7212009.625,7207899.414105136,3039.9999999999745,19886803.27999591,7207899.414105136
1238.0,2.0,2.0,6.3,24.0,3.2,0.0,1.0,5.92,2017.0,3.0,15525012,13971405.750390943,13973983.604859669,15398161.75,14498672.850968063,3039.999999999988,19886816.617643252,14498672.850968063
2777.0,4.0,4.0,8.0,37.0,11.9,1.0,0.0,1.45,2011.0,3.0,42964620,35725850.45752582,35838912.14465443,31758776.260869566,37031615.776589535,3040.0000000001337,19890898.614413127,37031615.776589535
1415.0,4.0,3.0,7.5,7.0,6.0,0.0,0.0,5.25,2013.0,4.0,20864680,19860992.901193727,19819312.24923893,18901671.458333332,18825703.036592327,3040.000000000076,19889050.6824206,18825703.036592327
2303.0,5.0,4.0,6.1,18.0,16.0,0.0,0.0,2.17,2010.0,3.0,27847211,27218877.28276843,27246655.47198496,27435610.769230768,27403893.261847094,3040.000000000129,19890430.292096708,27403893.261847094
1215.0,1.0,2.0,7.9,8.0,5.6,0.0,1.0,5.75,2023.0,2.0,16530053,18087157.959834993,18133870.57014019,16209812.5,16458324.045590825,3039.9999999998845,19886852.605537355,16458324.045590825
1402.0,3.0,3.0,5.5,18.0,17.1,1.0,1.0,5.84,2011.0,7.0,16108964,14559362.327335998,14540790.404364116,15788654.46511628,14932304.432665613,3040.0000000000837,19887210.824078802,14932304.432665613
2963.0,6.0,6.0,6.9,11.0,8.1,0.0,1.0,4.38,2023.0,10.0,42329639,38785326.12664789,38758692.99717449,40458005.28125,39770907.77098267,3039.99999999988,19893342.826264165,39770907.77098267
1334.0,3.0,3.0,7.7,11.0,16.1,0.0,0.0,4.27,2018.0,7.0,21296929,19251765.86773453,19256439.39100591,17428407.222222224,17890634.36277565,3039.9999999999773,19888033.38483117,17890634.36277565
2146.0,5.0,4.0,1.6,33.0,28.9,0.0,0.0,2.28,2017.0,9.0,15610038,15579831.765171293,15566596.294514336,14044329.81081081,12999947.201227004,3039.999999999943,19888507.342496667,12999947.201227004
1526.0,4.0,2.0,7.2,20.0,10.3,1.0,1.0,6.1,2011.0,7.0,18682217,19532676.95535141,19484830.348441143,18485849.56521739,19137335.779633336,3040.000000000103,19888158.18261365,19137335.779633336
1310.0,2.0,2.0,5.7,18.0,5.8,1.0,1.0,6.4,2011.0,3.0,13880137,13410338.221027022,13412196.012080377,13638902.5,13936279.526563974,3040.0000000000937,19886497.61553797,13936279.526563974
3005.0,6.0,6.0,4.8,36.0,14.0,0.0,0.0,1.32,2017.0,11.0,29983662,33178561.897801667,33182497.571839012,26347685.181818184,28967289.849170443,3039.99999999999,19892381.22505384,28967289.849170443
1698.0,4.0,4.0,3.0,14.0,20.0,0.0,1.0,5.58,2016.0,9.0,11667173,13845015.574926384,13800164.993126333,14044329.81081081,13882824.646574488,3039.999999999965,19888273.159015566,13882824.646574488
1813.0,3.0,3.0,4.7,14.0,19.9,0.0,1.0,2.48,2011.0,3.0,19136587,18089806.59134574,18134225.043861065,18535646.80952381,17983217.86602404,3040.0000000000937,19887543.169706374,17983217.86602404
1524.0,4.0,3.0,10.0,15.0,1.7,1.0,0.0,5.74,2016.0,10.0,25410709,26262535.99165985,26202827.58284941,25716074.65,23769618.258137614,3040.000000000041,19889951.156572934,23769618.258137614
1442.0,3.0,2.0,6.6,13.0,12.8,1.0,0.0,0.5,2011.0,4.0,14325330,17642548.750473883,17627069.44591213,16970714.083333332,17414913.48339137,3040.0000000001282,19887130.908627782,17414913.48339137
1723.0,4.0,3.0,5.8,28.0,8.4,0.0,1.0,4.21,2023.0,11.0,20474122,19750531.968721867,19683601.324095238,18131317.5,19524325.156381007,3039.999999999873,19889008.925505098,19524325.156381007
1766.0,3.0,2.0,9.1,11.0,9.3,0.0,0.0,3.05,2013.0,12.0,32787687,26826285.517259523,26864152.65909648,28644810.85714286,28036897.327713866,3040.0000000001,19888769.081364408,28036897.327713866
2619.0,6.0,5.0,9.5,9.0,6.7,1.0,0.0,4.07,2012.0,12.0,35900682,39217585.763061315,39184439.97657777,39535490.058823526,40204902.6371392,3040.0000000001173,19892987.890013017,40204902.6371392
2697.0,5.0,4.0,7.5,11.0,14.4,1.0,0.0,4.37,2021.0,9.0,43134644,35913436.82675612,35937350.73149796,36649673.76923077,36221197.58983165,3039.9999999999172,19891692.119173985,36221197.58983165
1601.0,2.0,1.0,6.4,6.0,18.8,0.0,0.0,4.62,2020.0,3.0,17556081,19276689.087984692,19368047.6397806,18671378.076923076,18848579.652579118,3039.9999999999227,19886365.90439481,18848579.652579118
2942.0,6.0,4.0,5.4,8.0,15.5,1.0,1.0,3.15,2013.0,7.0,34954221,34373576.90203912,34361576.5374202,35528545.0,33507713.781845644,3040.0000000000596,19891726.46102741,33507713.781845644
1966.0,4.0,4.0,6.5,14.0,7.9,0.0,1.0,4.17,2014.0,8.0,21895772,24382268.244176786,24361623.528746594,24641218.42857143,24288273.889080502,3040.0000000000528,19890120.21695026,24288273.889080502
1433.0,2.0,2.0,9.1,21.0,8.6,0.0,1.0,2.55,2022.0,10.0,20005091,22921778.409328107,22937954.091603756,23525745.5,22230190.848230883,3039.9999999999304,19887764.48727373,22230190.848230883
1802.0,4.0,2.0,9.0,72.0,1.0,1.0,1.0,2.95,2023.0,9.0,21573925,25014785.91804106,24970420.931291617,28644810.85714286,27378781.668979302,3039.9999999999136,19888992.079455677,27378781.668979302
2028.0,6.0,5.0,8.4,15.0,15.4,1.0,0.0,0.93,2013.0,3.0,25337982,29816042.243918005,29746727.387042582,29194194.04255319,29849392.84491534,3040.0000000000978,19891533.26393989,29849392.84491534
2714.0,6.0,4.0,7.2,16.0,10.7,0.0,0.0,5.46,2016.0,4.0,28280759,34994942.72605416,35018256.445969135,36649673.76923077,34902674.81552133,3040.0000000000077,19892267.11315353,34902674.81552133
1113.0,2.0,2.0,7.6,53.0,12.3,0.0,0.0,4.13,2021.0,5.0,12000792,13979547.604277901,14019709.890586115,13746648.65,13750480.714645304,3039.999999999923,19886482.87372711,13750480.714645304
1727.0,3.0,2.0,5.2,25.0,21.9,1.0,0.0,7.7,2016.0,9.0,18918403,17270396.14433994,17320027.570095915,18131317.5,18119285.235770684,3039.9999999999686,19886969.653222222,18119285.235770684
1601.0,3.0,3.0,5.5,21.0,15.9,1.0,1.0,5.33,2016.0,1.0,15681585,17129898.916786313,17137508.335942313,16972588.083333332,17633325.64393916,3039.9999999999905,19887503.917557877,17633325.64393916
1511.0,2.0,1.0,6.4,26.0,15.2,1.0,0.0,3.87,2020.0,1.0,16747028,17261737.95064956,17323843.98166233,17106044.844827585,17597898.47879117,3039.9999999999304,19886015.291961066,17597898.47879117
1982.0,5.0,3.0,8.4,29.0,9.4,1.0,1.0,4.49,2017.0,4.0,31850516,28000228.44073261,27957306.304734185,29194194.04255319,28288730.035480876,3040.0000000000064,19890302.708793413,28288730.035480876
1972.0,4.0,3.0,4.6,32.0,22.1,1.0,0.0,4.99,2020.0,9.0,19763111,19506810.53961472,19513217.769923314,17022004.024390243,18042613.776752077,3039.9999999999013,19888235.823595885,18042613.776752077
1582.0,3.0,5.0,5.3,22.0,17.4,0.0,0.0,3.08,2020.0,10.0,17246671,17265009.200279348,17258875.68872352,18671378.076923076,16749019.708649948,3039.9999999999245,19888804.34822226,16749019.708649948
1701.0,4.0,4.0,7.4,4.0,13.0,0.0,0.0,5.97,2018.0,11.0,18288414,23732246.211369496,23709427.305197578,21059400.9375,22078675.92048271,3039.9999999999677,19889925.82261004,22078675.92048271
2070.0,4.0,3.0,8.5,31.0,1.2,0.0,0.0,2.39,2012.0,8.0,30079098,28592676.322065197,28608510.345387734,29194194.04255319,30285053.170033943,3040.000000000125,19890257.97416006,30285053.170033943
1476.0,2.0,2.0,3.8,21.0,18.9,1.0,0.0,1.89,2018.0,4.0,12100708,11863310.159211744,11887379.90675252,13836251.80952381,13269401.411037788,3039.9999999999554,19885668.164740313,13269401.411037788
2212.0,5.0,3.0,4.1,13.0,23.3,0.0,0.0,6.1,2021.0,9.0,21338880,22496354.133022472,22499192.681755073,19094015.59090909,19703523.54042886,3039.99999999987,19889266.734637592,19703523.54042886
842.0,2.0,2.0,6.8,29.0,15.7,0.0,1.0,3.14,2015.0,5.0,9901823,10069909.089936338,10057839.112089949,10118616.55,10207789.424045341,3040.000000000035,19885680.17327877,10207789.424045341
1783.0,4.0,3.0,8.0,35.0,14.7,1.0,0.0,4.32,2021.0,2.0,26440276,24404098.181606937,24414629.183602095,25226172.545454547,25104605.84018608,3039.9999999999213,19889056.58326495,25104605.84018608
1574.0,4.0,2.0,4.7,19.0,23.9,1.0,0.0,4.03,2014.0,8.0,15777576,15075119.900250606,15050177.647850145,16972588.083333332,15914874.037668193,3040.0000000000223,19886991.933135353,15914874.037668193
1938.0,3.0,3.0,5.0,31.0,17.6,0.0,0.0,7.37,2023.0,3.0,18219746,19766566.623363838,19849015.689799953,20886841.23529412,19491909.330469698,3039.999999999837,19888073.451915633,19491909.330469698
2072.0,4.0,4.0,4.7,62.0,22.9,0.0,0.0,6.63,2021.0,3.0,16068131,19451287.068915427,19532292.815179,20413472.405405406,20362624.59694146,3039.9999999998713,19888710.2138019,20362624.59694146
597.0,1.0,1.0,7.8,18.0,11.1,1.0,0.0,6.35,2022.0,5.0,7846939,9625178.439460449,9620298.142805818,5424002.545454546,7147247.8666679235,3039.9999999998945,19885058.434395388,7147247.8666679235
2290.0,4.0,3.0,10.0,13.0,1.0,1.0,0.0,5.98,2019.0,8.0,38045350,35593013.29346527,35617296.59697936,37743448.40909091,36381635.43137339,3039.9999999999814,19891102.2340578,36381635.43137339
1406.0,3.0,2.0,5.9,14.0,8.7,0.0,1.0,7.23,2013.0,5.0,14695953,15480621.374773959,15473561.832675677,15788654.46511628,15605522.657540958,3040.0000000000487,19887338.01385047,15605522.657540958
598.0,2.0,3.0,5.3,22.0,10.4,1.0,0.0,5.41,2015.0,5.0,6947261,4453672.595664268,4383114.881896626,5992434.0869565215,5087497.13400914,3040.0000000000146,19885696.693168253,5087497.13400914
937.0,2.0,2.0,4.6,21.0,12.7,1.0,0.0,0.62,2011.0,5.0,10108464,6806123.224359933,6762393.84740877,8450852.444444444,8660404.786326181,3040.000000000112,19885326.483008415,8660404.786326181
1218.0,2.0,2.0,5.1,16.0,8.8,1.0,1.0,3.34,2016.0,6.0,12760978,11748854.667987125,11708726.403286107,11174567.5,12215955.064265864,3040.0000000000077,19886080.527511045,12215955.064265864
2574.0,5.0,4.0,7.7,19.0,5.8,1.0,0.0,2.98,2019.0,5.0,36811530,34444394.86678735,34443880.09185651,36649673.76923077,36230282.36952381,3039.999999999974,19891777.10143944,36230282.36952381
1946.0,4.0,3.0,4.8,10.0,21.8,0.0,0.0,2.6,2021.0,5.0,19196321,20964859.832485594,20976788.749444995,18535646.80952381,18579022.776166443,3039.999999999898,19888480.223520193,18579022.776166443
2485.0,5.0,4.0,6.2,32.0,8.6,0.0,0.0,3.42,2017.0,5.0,29265914,29328529.448156815,29349351.922962815,29528266.95,29581793.153586887,3039.9999999999945,19891167.457110953,29581793.153586887
1486.0,2.0,2.0,5.2,9.0,9.1,0.0,0.0,2.27,2021.0,11.0,18179516,15817414.836808894,15814802.972212613,15512679.384615384,16212113.965898974,3039.999999999918,19886915.59270348,16212113.965898974
2268.0,5.0,4.0,5.6,14.0,14.1,1.0,0.0,4.78,2023.0,1.0,31113159,26786666.589799747,26768713.242487036,23593008.13157895,25825579.16713148,3039.99999999986,19890434.533311803,25825579.16713148
1721.0,3.0,2.0,7.3,28.0,12.6,0.0,0.0,3.15,2023.0,8.0,19238473,22312663.230137523,22342289.293675706,21059400.9375,21680612.182360932,3039.999999999887,19888040.271633867,21680612.182360932
2250.0,4.0,2.0,3.4,7.0,18.8,1.0,1.0,4.48,2021.0,11.0,18829284,21576326.00467936,21554131.656994402,19094015.59090909,18970757.12128247,3039.999999999879,19888161.546540853,18970757.12128247
1888.0,3.0,3.0,6.2,12.0,13.7,1.0,0.0,3.66,2011.0,3.0,22369951,22119807.999601323,22167422.860629246,20119482.19047619,21801937.501389556,3040.000000000105,19888255.993979003,21801937.501389556
1468.0,3.0,4.0,5.7,30.0,14.1,1.0,1.0,4.71,2012.0,4.0,13714572,15522037.392633218,15507700.718952175,15788654.46511628,15702616.258596385,3040.0000000000755,19887917.271563746,15702616.258596385
1785.0,4.0,2.0,6.8,41.0,6.2,1.0,0.0,2.16,2012.0,12.0,20706082,20932174.55900804,20890860.385642868,22467712.95652174,22204982.85932195,3040.000000000108,19888478.878104243,22204982.85932195
1338.0,3.0,3.0,6.9,37.0,13.3,0.0,0.0,4.74,2017.0,8.0,15119857,16165648.793748852,16171683.63936427,16299237.027027028,16239139.714104654,3039.99999999999,19887733.30031159,16239139.714104654
2134.0,3.0,3.0,8.2,15.0,11.8,1.0,0.0,2.74,2022.0,5.0,31658895,29970459.551332414,30026839.947587684,30787694.533333335,30292835.13373866,3039.999999999917,19889415.208690405,30292835.13373866
1894.0,4.0,4.0,8.0,26.0,6.1,0.0,0.0,2.21,2010.0,11.0,21403311,25818518.310513094,25811821.74622529,27455044.4,26469412.260720305,3040.0000000001564,19890258.60063229,26469412.260720305
1396.0,3.0,4.0,4.3,17.0,18.4,1.0,1.0,4.69,2012.0,10.0,11892208,12417852.462377515,12370111.17024871,12274421.35,12241594.873562794,3040.0000000000605,19887467.55675796,12241594.873562794
983.0,2.0,1.0,4.6,6.0,12.1,1.0,1.0,5.32,2016.0,9.0,11355740,8073012.604654001,8011324.3043299075,8450852.444444444,8936714.455393905,3039.999999999989,19885201.64139702,8936714.455393905
1465.0,3.0,2.0,6.2,32.0,14.7,0.0,1.0,2.09,2015.0,12.0,16974355,16361876.045152608,16342283.353557482,15788654.46511628,16207336.214462226,3040.0000000000377,19887143.79389987,16207336.214462226
1993.0,5.0,5.0,3.1,16.0,19.2,0.0,1.0,0.5,2013.0,1.0,16760994,18013246.144708578,17957553.63655235,14044329.81081081,16873107.455292434,3040.0000000000528,19889477.3429715,16873107.455292434
1577.0,3.0,2.0,7.8,33.0,9.8,0.0,0.0,3.06,2020.0,5.0,18435610,21190054.42824218,21217000.28392158,22114343.3,21050408.687551532,3039.9999999999523,19887939.101687923,21050408.687551532
2395.0,5.0,3.0,6.9,32.0,12.3,1.0,0.0,4.85,2019.0,1.0,25223779,29540329.372628592,29566011.757873423,32043777.7,30683874.643292204,3039.999999999949,19890333.702861708,30683874.643292204
1087.0,3.0,2.0,6.9,45.0,7.4,1.0,0.0,6.71,2017.0,6.0,11741932,12471920.905234005,12434365.22691546,12241864.555555556,12608064.297144322,3039.999999999984,19886889.380567763,12608064.297144322
2444.0,6.0,5.0,5.8,25.0,12.6,0.0,1.0,6.51,2012.0,4.0,31044115,28358134.174001858,28340642.011463903,27435610.769230768,28042705.77206063,3040.0000000000655,19891753.863925334,28042705.77206063
2050.0,2.0,1.0,8.7,38.0,11.0,0.0,0.0,2.9,2020.0,10.0,32486165,27925105.22146815,28052485.160163194,29194194.04255319,29828125.790908255,3039.99999999996,19887779.209599912,29828125.790908255
1406.0,3.0,3.0,4.9,70.0,18.7,0.0,0.0,9.23,2013.0,3.0,11204025,10360140.03907233,10437546.006506108,14383623.42857143,13647228.112752838,3040.0000000000173,19887002.157866873,13647228.112752838
2238.0,4.0,3.0,6.2,22.0,13.6,0.0,1.0,1.69,2020.0,9.0,30305211,26882405.527064182,26888836.459010135,24792279.871794872,26042770.791103605,3039.999999999943,19889600.336111564,26042770.791103605
1896.0,4.0,3.0,6.9,28.0,13.0,1.0,1.0,3.42,2016.0,6.0,22951524,23614558.87026133,23593974.664002288,24461516.32142857,24744988.509221334,3040.0000000000164,19889058.203450743,24744988.509221334
1770.0,3.0,3.0,5.3,13.0,13.3,0.0,1.0,3.22,2011.0,5.0,19598602,18898066.404361535,18919762.492756445,20649704.620689657,19606682.417679604,3040.000000000101,19887980.640630297,19606682.417679604
1250.0,2.0,2.0,6.7,29.0,11.1,1.0,0.0,5.48,2023.0,3.0,14020105,15047806.764966397,15064040.498336166,16299237.027027028,15589199.772079403,3039.99999999987,19886507.31801089,15589199.772079403
2011.0,3.0,3.0,6.2,15.0,15.1,0.0,1.0,5.59,2013.0,4.0,26736397,23494526.77830872,23568841.073584974,22946784.169491526,23013862.45845687,3040.0000000000537,19888560.571338,23013862.45845687
963.0,2.0,3.0,9.7,15.0,6.3,1.0,1.0,3.12,2022.0,8.0,17901977,19198980.83409936,19139429.531328823,12501566.965517242,13460363.051917529,3039.999999999934,19887773.38001064,13460363.051917529
1294.0,3.0,1.0,4.8,21.0,20.2,0.0,1.0,5.6,2010.0,1.0,12352060,11036982.578909814,11061357.244506268,13638902.5,12980047.713028008,3040.000000000095,19885741.060437255,12980047.713028008
1956.0,3.0,2.0,4.4,8.0,18.9,1.0,1.0,0.5,2022.0,5.0,20518552,20222912.74647907,20218308.23570631,18535646.80952381,18241590.6891549,3039.9999999998913,19887280.95336547,18241590.6891549
1590.0,3.0,2.0,5.8,13.0,20.2,1.0,1.0,2.81,2018.0,1.0,19858819,18107524.041975517,18112872.22520993,18671378.076923076,18032078.42531427,3039.999999999965,19886880.821730394,18032078.42531427
3520.0,7.0,6.0,8.0,25.0,1.0,0.0,0.0,0.97,2018.0,8.0,53737350,46975778.85940642,46980782.56024258,48046301.91304348,47418127.00550696,3040.000000000012,19894234.57803363,47418127.00550696
1300.0,3.0,2.0,8.5,16.0,4.0,0.0,1.0,2.9,2012.0,4.0,17271635,19842903.60246209,19817387.917720787,19010340.4,19769454.049545232,3040.00000000012,19887955.01881218,19769454.049545232
2023.0,5.0,3.0,6.8,12.0,14.2,0.0,0.0,4.15,2015.0,12.0,28556317,25760921.612011936,25731251.121055752,26971863.35,25986146.51877684,3040.00000000003,19890086.252948783,25986146.51877684
856.0,2.0,2.0,8.9,11.0,9.0,0.0,0.0,8.02,2019.0,3.0,12214766,15486996.091813399,15504401.223438537,12501566.965517242,12743923.640985513,3039.999999999953,19886945.875978947,12743923.640985513
686.0,1.0,1.0,6.4,12.0,15.6,1.0,1.0,0.5,2014.0,9.0,7725402,7948406.0689856,7908028.768461509,8200115.705882353,7687772.447700526,3040.000000000068,19884562.018350225,7687772.447700526
1410.0,2.0,2.0,6.7,11.0,11.3,0.0,0.0,6.57,2013.0,3.0,17445466,17026059.470742542,17097906.554353222,16970714.083333332,16755219.820024677,3040.0000000000564,19886886.40695954,16755219.820024677
1279.0,3.0,4.0,6.9,38.0,14.1,0.0,0.0,0.5,2021.0,2.0,16517375,16211288.837253634,16198582.482067373,16299237.027027028,16428628.426915118,3039.999999999936,19888073.148454808,16428628.426915118
2131.0,5.0,4.0,10.0,26.0,9.1,1.0,0.0,2.75,2013.0,12.0,37159905,33279722.18433933,33253731.5650141,34864478.208333336,35097756.380341426,3040.0000000001082,19891416.199090306,35097756.380341426
2569.0,5.0,3.0,6.5,9.0,14.0,0.0,0.0,2.94,2021.0,7.0,32220741,32225485.660276666,32249301.170350626,33553569.16129032,31385800.071141504,3039.9999999999177,19890820.27233177,31385800.071141504
1458.0,3.0,1.0,5.3,30.0,13.0,1.0,0.0,3.28,2022.0,1.0,15132548,14573844.55716934,14564560.342825573,14383623.42857143,14803423.968683666,3039.9999999998877,19886300.371663112,14803423.968683666
2187.0,4.0,4.0,3.3,24.0,15.6,0.0,1.0,3.96,2023.0,5.0,21849799,20350603.7798165,20345893.638972472,19094015.59090909,18767988.91177576,3039.9999999998454,19889185.172877003,18767988.91177576
2123.0,3.0,2.0,7.0,18.0,9.1,1.0,1.0,2.37,2018.0,12.0,25239513,26803942.120477952,26813083.74781053,29474937.8,28716919.555307068,3039.99999999999,19888629.69671398,28716919.555307068
3098.0,6.0,5.0,7.3,19.0,11.3,1.0,0.0,4.3,2023.0,12.0,44656814,40481943.500171624,40482174.116613716,40458005.28125,42185496.14943869,3039.99999999988,19893012.104746204,42185496.14943869
2168.0,4.0,2.0,8.6,33.0,7.2,1.0,1.0,9.82,2010.0,7.0,28147552,29046586.114888087,29101968.96807304,30787694.533333335,31353907.14012292,3040.0000000001146,19889479.19716047,31353907.14012292
1647.0,3.0,2.0,6.2,25.0,19.7,1.0,0.0,6.56,2023.0,12.0,17647313,19059308.04763795,19073341.918820735,18671378.076923076,18806918.46206381,3039.9999999998513,19887362.140835192,18806918.46206381
1216.0,3.0,3.0,5.9,27.0,22.5,0.0,0.0,5.83,2013.0,7.0,9284074,12715730.510618534,12737918.405862661,12379241.371428572,12882772.692906959,3040.0000000000427,19886900.810936637,12882772.692906959
2578.0,4.0,3.0,3.6,17.0,23.1,0.0,1.0,7.7,2014.0,6.0,21148969,24748022.837662008,24846645.974736214,19426701.4,21683092.609333206,3039.999999999992,19888953.903395385,21683092.609333206
1623.0,3.0,4.0,8.0,34.0,11.8,0.0,0.0,4.4,2015.0,12.0,25560642,22138813.90449289,22166062.855763994,22295624.304347824,21958929.040721804,3040.0000000000414,19889158.02391391,21958929.040721804
1694.0,4.0,4.0,6.4,23.0,17.5,1.0,0.0,1.3,2013.0,2.0,19422461,20456144.913727418,20440538.370899733,21203234.4,20263384.482406363,3040.0000000000778,19888854.47844613,20263384.482406363
1624.0,4.0,4.0,5.6,16.0,21.0,1.0,0.0,3.53,2012.0,6.0,17514161,18087598.105286136,18064513.89366557,16972588.083333332,17956020.732441496,3040.000000000074,19888538.542557433,17956020.732441496
2956.0,7.0,4.0,6.3,11.0,11.0,1.0,0.0,1.91,2019.0,6.0,40501496,36981853.22770997,36925986.67676831,35528545.0,36791016.16432112,3039.9999999999627,19892598.65192589,36791016.16432112
1384.0,3.0,2.0,3.1,23.0,21.5,1.0,0.0,3.51,2022.0,4.0,10457258,9629131.100757169,9601528.616886716,8945179.545454545,10022029.501886515,3039.99999999986,19885903.029851995,10022029.501886515
1828.0,4.0,3.0,6.3,29.0,7.1,1.0,0.0,7.17,2015.0,12.0,21246421,21130174.724438254,21099476.5864567,21991737.08,21526227.071228128,3040.0000000000155,19889184.71552817,21526227.071228128
2241.0,6.0,5.0,6.4,48.0,24.5,1.0,0.0,2.77,2020.0,2.0,24267954,26716933.957297433,26699307.646201394,24792279.871794872,26649287.16173862,3039.999999999925,19890692.188351166,26649287.16173862
1229.0,3.0,2.0,7.9,20.0,16.2,1.0,0.0,6.59,2018.0,12.0,18254310,17620745.08437883,17599432.319823064,16299237.027027028,16871281.28841708,3039.9999999999654,19887288.628488366,16871281.28841708
1831.0,4.0,3.0,6.0,45.0,9.8,1.0,0.0,3.75,2016.0,8.0,19811786,19966141.450092886,19944002.193196647,19771590.40909091,20211359.49061051,3040.00000000001,19888742.45062332,20211359.49061051
2239.0,4.0,3.0,8.3,29.0,2.5,0.0,0.0,4.42,2012.0,7.0,31333317,30115267.940430537,30164242.484940946,30787694.533333335,30479624.326819163,3040.00000000011,19890474.164767258,30479624.326819163
1121.0,2.0,1.0,7.4,24.0,11.9,1.0,0.0,3.21,2016.0,9.0,13877872,14684779.55892504,14681052.560686516,14638642.523809524,14327432.374864252,3040.0000000000246,19885879.376154605,14327432.374864252
1693.0,3.0,3.0,7.6,21.0,1.0,1.0,1.0,5.1,2020.0,2.0,26945263,23041750.39946066,23020534.552986003,21059400.9375,21802277.012536407,3039.9999999999472,19888947.780478604,21802277.012536407
1946.0,3.0,2.0,6.3,12.0,13.2,1.0,0.0,3.81,2017.0,9.0,21049113,23243602.143311072,23271945.30195147,22946784.169491526,23063944.528352328,3039.9999999999905,19888011.373730503,23063944.528352328
1791.0,4.0,4.0,6.1,21.0,18.6,1.0,1.0,4.45,2018.0,6.0,22266891,21345502.07621916,21315813.69356283,21203234.4,20566900.80122896,3039.9999999999595,19889108.204250995,20566900.80122896
506.0,1.0,1.0,5.3,17.0,22.0,0.0,1.0,3.79,2023.0,12.0,4930837,3637139.1398842856,3600835.8374517523,4113720.037037037,4885493.344988722,3039.9999999998595,19884267.79014878,4885493.344988722
1962.0,4.0,3.0,4.7,5.0,15.2,1.0,0.0,4.35,2015.0,7.0,21045447,20723138.45789803,20705114.769618712,17022004.024390243,18318468.21110253,3040.00000000001,19888670.17764542,18318468.21110253
1138.0,3.0,1.0,9.7,36.0,1.0,0.0,1.0,7.53,2021.0,5.0,18519243,19541866.62280005,19517803.964094087,18745207.173913043,17548145.555247422,3039.999999999932,19887729.720096894,17548145.555247422
2400.0,6.0,5.0,5.2,26.0,26.6,1.0,0.0,2.55,2011.0,12.0,29581104,26606507.05477831,26575948.266155444,25799369.28125,25635590.851562858,3040.0000000000896,19890746.643758126,25635590.851562858
1112.0,3.0,2.0,6.8,27.0,14.4,1.0,0.0,5.17,2013.0,4.0,13361532,13256852.178485837,13238481.33125186,14638642.523809524,13424393.006575113,3040.0000000000623,19886558.49063703,13424393.006575113
1478.0,2.0,2.0,9.3,43.0,6.2,0.0,0.0,0.5,2017.0,1.0,21254318,22350676.1190131,22424488.986232977,23525745.5,22530301.74538098,3040.0000000000414,19887614.08892747,22530301.74538098
2494.0,6.0,4.0,7.0,46.0,19.9,0.0,0.0,0.5,2014.0,8.0,33773282,30561666.343526587,30571563.809301447,31758776.260869566,31556557.915123172,3040.000000000065,19891024.9079777,31556557.915123172
1664.0,3.0,2.0,7.6,51.0,13.4,1.0,0.0,3.23,2021.0,12.0,20319221,20957342.152439218,20969216.767539382,21059400.9375,21455148.366288472,3039.9999999999272,19887723.72179655,21455148.366288472
872.0,2.0,3.0,7.9,28.0,14.3,0.0,1.0,6.68,2013.0,12.0,12353100,12681352.5762287,12673502.171059951,11589813.84,10993689.512112014,3040.0000000000646,19886855.91004747,10993689.512112014
1334.0,3.0,3.0,5.5,11.0,16.9,0.0,1.0,7.89,2010.0,5.0,12259731,13868850.922103498,13878436.232078206,13638902.5,14088424.523939565,3040.000000000091,19887337.21753639,14088424.523939565
1489.0,2.0,2.0,10.0,18.0,8.3,1.0,1.0,10.98,2019.0,3.0,19887055,24827430.88703831,24902168.931916397,23525745.5,23627496.714397006,3039.999999999945,19888016.303060215,23627496.714397006
2224.0,4.0,3.0,8.2,10.0,8.5,1.0,1.0,0.5,2010.0,12.0,29437034,30972633.062716633,30955253.719488274,30787694.533333335,31004227.974226493,3040.0000000001655,19890060.553136636,31004227.974226493
1784.0,2.0,3.0,9.9,6.0,9.0,1.0,0.0,3.8,2019.0,9.0,30986701,29379999.511893068,29441731.093862183,28644810.85714286,28798395.66387914,3039.9999999999864,19888982.158323765,28798395.66387914
1449.0,2.0,1.0,3.9,50.0,20.6,1.0,0.0,4.56,2013.0,3.0,10206850,9420354.867727045,9495260.952914769,11332276.55,12413163.476784717,3040.000000000035,19884984.202399082,12413163.476784717
1036.0,1.0,1.0,9.6,5.0,4.8,1.0,1.0,6.08,2017.0,11.0,18778206,19086687.171529,19092543.225788236,14776566.136363637,14998300.487316158,3040.000000000015,19886525.41319208,14998300.487316158
1296.0,2.0,2.0,7.0,12.0,1.8,1.0,1.0,4.27,2022.0,5.0,19646743,17294861.67673669,17252282.193574134,17428407.222222224,17177889.88627285,3039.999999999909,19887205.197405387,17177889.88627285
739.0,2.0,2.0,4.9,47.0,17.3,1.0,1.0,3.4,2017.0,11.0,6554533,4098660.1860402524,4030392.5261542276,5992434.0869565215,6312956.596025539,3039.999999999978,19884996.610946957,6312956.596025539
1860.0,3.0,3.0,6.1,12.0,17.3,1.0,1.0,6.6,2019.0,8.0,22459546,22079183.878332827,22099229.025353607,21991737.08,21810780.214183614,3039.9999999999295,19888277.49047364,21810780.214183614
2137.0,5.0,4.0,6.3,6.0,22.4,1.0,1.0,5.58,2013.0,5.0,28062033,26409758.379540186,26397839.928653084,26414813.1,25093893.01810892,3040.0000000000464,19890078.455074813,25093893.01810892
2258.0,4.0,3.0,3.1,5.0,23.5,1.0,1.0,3.47,2023.0,8.0,20216833,21558064.7079083,21543091.533511765,14044329.81081081,17425179.578860693,3039.9999999998386,19888405.401286766,17425179.578860693
2127.0,4.0,3.0,8.4,43.0,6.3,0.0,1.0,6.94,2012.0,8.0,28990543,28181996.43526624,28230683.777200285,30787694.533333335,29889558.131881192,3040.0000000000923,19890043.150811385,29889558.131881192
1399.0,3.0,2.0,10.0,6.0,1.0,1.0,0.0,5.19,2017.0,4.0,25318099,24851689.138670474,24832693.39817532,23525745.5,23234800.860967826,3040.000000000025,19888691.43216358,23234800.860967826
1615.0,3.0,3.0,5.5,27.0,16.2,0.0,1.0,5.46,2018.0,5.0,16819323,17105214.095515084,17125594.76350541,18671378.076923076,17841766.992939305,3039.9999999999513,19887688.835044708,17841766.992939305
1500.0,4.0,4.0,4.5,23.0,21.0,0.0,1.0,1.72,2020.0,11.0,14676580,14761406.456418753,14682796.822502064,13836251.80952381,14275533.496226266,3039.9999999999222,19888278.47558307,14275533.496226266
819.0,2.0,2.0,9.7,25.0,1.0,0.0,1.0,7.84,2012.0,11.0,13314265,15684111.316334946,15658951.282215057,12501566.965517242,11713818.179210918,3040.0000000001055,19887343.580657396,11713818.179210918
961.0,1.0,1.0,7.8,33.0,7.9,1.0,0.0,6.26,2022.0,5.0,13249102,13151415.902760722,13186003.650600014,11589813.84,11773150.276709333,3039.9999999998977,19885553.33907037,11773150.276709333
936.0,2.0,2.0,5.3,19.0,21.1,1.0,0.0,6.3,2022.0,8.0,8894318,8762050.880956698,8746168.441855527,9895467.08,9613840.937844872,3039.9999999998636,19885440.043070268,9613840.937844872
1979.0,4.0,3.0,2.6,19.0,23.9,1.0,0.0,3.52,2018.0,9.0,15484225,16007240.372523114,15991149.352913212,14044329.81081081,13655793.498912273,3039.9999999999304,19887691.592053503,13655793.498912273
2143.0,5.0,4.0,6.8,9.0,15.9,1.0,1.0,4.0,2018.0,1.0,30723535,27874952.26693562,27844334.0979344,29474937.8,28534754.286887854,3039.9999999999695,19890469.70661383,28534754.286887854
788.0,1.0,1.0,10.0,59.0,10.3,1.0,1.0,2.91,2015.0,10.0,8783266,14198284.268481575,14219854.021336094,12501566.965517242,10910361.309443347,3040.000000000069,19885727.202129297,10910361.309443347
1194.0,2.0,3.0,5.2,13.0,12.7,1.0,1.0,4.76,2013.0,3.0,10474746,11713258.056655267,11699342.798937425,12379241.371428572,12110139.361826051,3040.0000000000537,19886436.017644487,12110139.361826051
2218.0,4.0,3.0,8.1,16.0,4.6,1.0,1.0,4.76,2012.0,10.0,34019522,30245787.685676772,30241693.800300397,30787694.533333335,30626796.264351334,3040.0000000001046,19890323.432280723,30626796.264351334
2548.0,4.0,4.0,5.8,18.0,10.6,1.0,0.0,3.15,2022.0,5.0,28834964,30118748.165741928,30151689.97087004,29528266.95,29640532.141902093,3039.9999999998945,19890550.3548943,29640532.141902093
500.0,1.0,2.0,7.6,18.0,15.7,0.0,1.0,4.87,2010.0,12.0,5133067,7588988.294777906,7580749.014341082,5424002.545454546,6038744.842804564,3040.00000000013,19885253.10122251,6038744.842804564
1983.0,3.0,2.0,8.8,19.0,9.6,0.0,0.0,1.45,2015.0,6.0,28104801,28557707.74961189,28629226.3585179,29194194.04255319,29539903.73917994,3040.000000000067,19888858.76854534,29539903.73917994
1187.0,2.0,1.0,6.0,35.0,8.5,0.0,0.0,5.83,2018.0,10.0,12257583,11901616.534745013,11917137.793310149,13454481.260869564,12920055.068191953,3039.9999999999623,19885960.36003971,12920055.068191953
1159.0,2.0,2.0,4.9,17.0,20.3,0.0,0.0,6.27,2019.0,8.0,13144006,10404301.97430852,10434369.895431567,11174567.5,11222589.538437355,3039.999999999919,19885757.88949944,11222589.538437355
1864.0,4.0,3.0,3.9,40.0,27.4,0.0,0.0,4.09,2012.0,1.0,18999419,15701874.079125142,15769000.054928314,17022004.024390243,15649337.99808351,3040.000000000049,19887489.868811127,15649337.99808351
805.0,3.0,3.0,5.3,12.0,11.8,1.0,0.0,3.0,2020.0,10.0,8214437,8230016.383949036,8099595.22087943,9895467.08,8807904.614671618,3039.9999999999313,19886704.189812288,8807904.614671618
1556.0,4.0,4.0,6.5,42.0,14.4,1.0,1.0,7.46,2011.0,4.0,15293176,17602489.662640758,17584510.16059004,19792090.173913043,19083976.40817372,3040.000000000084,19888750.633648563,19083976.40817372
1386.0,3.0,2.0,9.5,28.0,9.4,0.0,0.0,5.87,2019.0,2.0,20657437,22497382.706301555,22538946.95334584,23525745.5,22048683.35405856,3039.9999999999695,19888163.064331286,22048683.35405856
806.0,1.0,2.0,7.9,29.0,11.0,0.0,0.0,4.04,2023.0,8.0,10894526,12176065.731426392,12197026.90724402,10118616.55,10642382.930950087,3039.99999999989,19885895.82684826,10642382.930950087
2581.0,6.0,5.0,6.6,14.0,12.5,1.0,0.0,3.11,2023.0,10.0,32561210,33245581.58909584,33182413.072772488,33553569.16129032,32284467.916731402,3039.9999999998804,19892261.174389407,32284467.916731402
1253.0,1.0,1.0,6.0,29.0,10.5,1.0,1.0,1.81,2022.0,10.0,15759707,13435474.319537546,13437093.339265063,15398161.75,14364726.248607285,3039.9999999999072,19885401.35262548,14364726.248607285
2538.0,5.0,5.0,5.9,3.0,26.5,1.0,0.0,7.38,2015.0,2.0,31973697,30570493.975347225,30638579.021427684,28427322.15,28584512.120657142,3039.999999999989,19890761.830791704,28584512.120657142
1824.0,4.0,5.0,4.9,42.0,14.2,1.0,0.0,0.77,2013.0,8.0,15299559,18161768.650281843,18123232.688684303,18535646.80952381,18085453.675731286,3040.0000000000723,19889252.616184413,18085453.675731286
2260.0,5.0,4.0,3.8,45.0,18.6,1.0,0.0,5.25,2016.0,11.0,17029528,20747650.246793352,20730725.313071545,19094015.59090909,19340942.86880435,3039.9999999999736,19889554.391204007,19340942.86880435
1601.0,3.0,3.0,6.7,31.0,3.1,0.0,0.0,5.6,2019.0,4.0,16070017,19291337.387701586,19302762.439745303,19792090.173913043,19615739.696770415,3039.999999999954,19888584.802349113,19615739.696770415
1686.0,5.0,4.0,2.2,26.0,27.4,0.0,1.0,6.02,2013.0,5.0,11992197,11327699.400867319,11280177.080710532,14044329.81081081,12410551.604130551,3040.000000000005,19888082.573284768,12410551.604130551
956.0,2.0,1.0,6.3,14.0,11.2,1.0,0.0,3.19,2021.0,2.0,11384948,11294512.060772952,11265628.14171139,11434636.629629629,11388538.052084677,3039.999999999919,19885512.77951352,11388538.052084677
1670.0,4.0,3.0,6.8,36.0,11.3,0.0,0.0,4.21,2013.0,6.0,17113308,19917785.743882615,19920610.76154171,21059400.9375,20686155.347363435,3040.0000000000705,19888797.522936247,20686155.347363435
1446.0,2.0,2.0,6.2,13.0,15.8,1.0,1.0,6.46,2013.0,3.0,13818384,16409479.721585188,16455089.993392928,15788654.46511628,16413609.562110392,3040.0000000000487,19886430.02279186,16413609.562110392
1306.0,3.0,3.0,7.8,25.0,3.9,0.0,1.0,1.21,2015.0,3.0,18780812,18542954.68004959,18501174.904366795,16299237.027027028,17490956.16551311,3040.000000000066,19888264.834406544,17490956.16551311
1903.0,3.0,2.0,7.9,8.0,14.9,1.0,1.0,3.67,2016.0,8.0,28288130,26335666.30555818,26362639.28980963,27455044.4,27696958.91281099,3040.0000000000223,19888295.443858426,27696958.91281099
1632.0,3.0,2.0,10.0,16.0,4.9,1.0,0.0,6.07,2016.0,5.0,26421317,26917158.118658915,26945518.171137363,25716074.65,26354645.343186017,3040.000000000035,19888816.796098314,26354645.343186017
1996.0,5.0,5.0,7.8,40.0,14.3,0.0,1.0,4.3,2015.0,5.0,25895449,26610709.704679757,26599088.138070837,27455044.4,27126186.816665273,3040.000000000036,19891002.42555989,27126186.816665273
500.0,2.0,3.0,5.1,36.0,15.5,1.0,1.0,2.79,2010.0,9.0,3366911,2043602.5586929433,1950944.3817748986,4113720.037037037,4568002.235561025,3040.0000000001205,19885246.279309172,4568002.235561025
1647.0,2.0,2.0,7.5,35.0,19.9,0.0,0.0,2.87,2012.0,8.0,21773343,20392040.363892723,20506550.724976715,22114343.3,20550506.66874711,3040.000000000096,19886871.3546199,20550506.66874711
2710.0,6.0,5.0,10.0,23.0,3.2,1.0,1.0,2.68,2023.0,11.0,44543595,41639698.20555089,41574924.08352724,39535490.058823526,40551537.396191485,3039.999999999921,19893184.027895886,40551537.396191485
1568.0,3.0,2.0,4.3,44.0,13.7,1.0,1.0,7.36,2014.0,7.0,11554659,12524701.30351502,12524910.847141825,13836251.80952381,13820649.330626065,3040.00000000001,19886639.24738151,13820649.330626065
2004.0,3.0,2.0,4.9,7.0,14.4,0.0,0.0,2.87,2011.0,12.0,15462140,20838773.909009896,20882325.256475832,20413472.405405406,20766283.272302512,3040.0000000000996,19887807.00685709,20766283.272302512
3169.0,6.0,6.0,9.0,10.0,4.3,0.0,0.0,3.1,2011.0,10.0,46035205,44797242.83881912,44835810.19364533,48046301.91304348,48408240.32767159,3040.0000000001405,19893841.588570163,48408240.32767159
1238.0,4.0,4.0,6.9,16.0,8.9,1.0,0.0,9.21,2013.0,8.0,16319480,16043036.55097995,15971229.469183853,17428407.222222224,16110335.472779684,3040.000000000045,19888974.76436017,16110335.472779684
1405.0,1.0,1.0,2.5,11.0,27.1,1.0,1.0,5.55,2016.0,5.0,9171163,7978309.922000334,8051895.2543217745,8945179.545454545,9832782.199619304,3039.999999999954,19884301.986159563,9832782.199619304
2159.0,4.0,4.0,8.5,30.0,15.9,0.0,1.0,4.07,2023.0,8.0,27091876,30648258.01891768,30682614.72722943,30787694.533333335,30982085.681116935,3039.9999999998877,19890519.333697595,30982085.681116935
1944.0,3.0,3.0,5.9,30.0,15.3,1.0,1.0,6.28,2010.0,12.0,20887710,21087765.31463808,21124153.728856683,22946784.169491526,21652499.934679717,3040.000000000106,19888219.22312545,21652499.934679717
1391.0,4.0,4.0,7.6,17.0,11.2,1.0,0.0,1.83,2015.0,8.0,20362094,19907797.502684213,19826372.674839962,18901671.458333332,18695447.544420213,3040.000000000053,19889206.802570954,18695447.544420213
582.0,2.0,2.0,4.6,8.0,14.4,1.0,1.0,3.47,2012.0,4.0,4878830,3273076.4465041794,3184240.424870614,5992434.0869565215,5286637.645881548,3040.0000000000746,19884891.624838777,5286637.645881548
1509.0,2.0,2.0,5.5,8.0,9.3,1.0,0.0,2.13,2020.0,7.0,20102859,16718170.873439578,16712052.862060724,17106044.844827585,17828472.678904667,3039.99999999994,19886771.95719319,17828472.678904667
1047.0,2.0,2.0,4.4,17.0,17.6,1.0,1.0,0.6,2010.0,7.0,10242898,7902137.2827760335,7859460.872613763,8450852.444444444,9219926.25475368,3040.000000000125,19885301.038499977,9219926.25475368
1238.0,3.0,3.0,4.6,34.0,17.3,1.0,0.0,8.2,2011.0,3.0,11258683,9605473.40893383,9612419.07115037,10554704.55,10968991.299843078,3040.0000000000614,19886651.479966436,10968991.299843078
807.0,1.0,1.0,4.2,6.0,23.4,0.0,1.0,7.06,2013.0,9.0,7468725,4454957.766871499,4485818.125084983,8450852.444444444,7692174.7797598755,3040.0000000000223,19884274.69472339,7692174.7797598755
1687.0,3.0,3.0,7.8,12.0,3.1,0.0,0.0,2.35,2020.0,4.0,23946205,23914782.65461506,23916305.821224276,21059400.9375,23028535.65807819,3039.9999999999636,19889114.582253467,23028535.65807819
2352.0,4.0,3.0,8.8,21.0,12.3,1.0,0.0,6.2,2010.0,5.0,37195327,32608929.341812786,32697054.15800225,34556274.20689655,35302253.01398961,3040.000000000132,19890257.01278253,35302253.01398961
1611.0,3.0,2.0,10.0,27.0,5.6,1.0,1.0,3.14,2013.0,1.0,24990881,26149000.959725242,26169241.30735115,25716074.65,25936191.602113098,3040.000000000109,19888479.450741764,25936191.602113098
2331.0,5.0,4.0,4.5,15.0,19.3,1.0,1.0,1.76,2021.0,10.0,20719059,25339412.652123794,25278860.81397086,23801798.444444444,21917538.007819273,3039.999999999903,19890042.155881554,21917538.007819273
2230.0,3.0,4.0,5.1,16.0,14.7,1.0,1.0,1.78,2018.0,10.0,25607503,24648399.529203884,24663067.303057514,23593008.13157895,23600841.25561452,3039.9999999999714,19889140.6211212,23600841.25561452
1813.0,4.0,4.0,7.1,26.0,11.2,0.0,0.0,0.75,2021.0,11.0,24413297,23858223.94915338,23820827.504934985,22467712.95652174,23146465.695448466,3039.99999999994,19889838.111068442,23146465.695448466
2305.0,5.0,4.0,5.9,20.0,14.2,1.0,0.0,1.0,2010.0,11.0,24478198,26882194.52690717,26851647.180288225,27435610.769230768,26603315.509919275,3040.000000000137,19890400.087377395,26603315.509919275
1239.0,2.0,2.0,5.5,28.0,13.9,0.0,1.0,1.78,2020.0,3.0,14276800,12531943.04882685,12536107.332877826,12379241.371428572,12512126.265865834,3039.9999999999372,19886066.789544165,12512126.265865834
2400.0,5.0,3.0,9.8,20.0,16.3,0.0,1.0,3.73,2010.0,4.0,38862831,35798491.72837624,35863303.1425921,37743448.40909091,38845961.0494326,3040.0000000001505,19890933.09587261,38845961.0494326
2337.0,5.0,4.0,8.0,22.0,15.4,1.0,1.0,5.85,2017.0,7.0,32998876,31833413.631719388,31834343.65323005,30270779.85714286,32356484.21021587,3039.999999999989,19891165.567651674,32356484.21021587
1042.0,3.0,1.0,5.1,18.0,16.5,0.0,0.0,4.1,2022.0,2.0,11299084,9776912.412038842,9746074.736117987,10661830.4,10215313.769440573,3039.9999999998786,19885773.415392973,10215313.769440573
1924.0,4.0,3.0,4.7,10.0,21.1,0.0,0.0,3.5,2012.0,12.0,17012655,19804251.984059855,19811812.647413336,17022004.024390243,17771640.72976134,3040.0000000000673,19888447.76179208,17771640.72976134
1225.0,3.0,2.0,7.0,13.0,13.9,1.0,0.0,4.74,2022.0,8.0,15076650,16467219.03133905,16421244.377533138,17428407.222222224,16280290.741037602,3039.9999999998936,19887141.036526654,16280290.741037602
2163.0,3.0,2.0,4.9,30.0,14.5,0.0,0.0,5.03,2018.0,9.0,20576927,21859201.65812219,21940375.985283393,20413472.405405406,20770128.975513127,3039.9999999999504,19887932.64090038,20770128.975513127
1801.0,2.0,2.0,7.3,23.0,8.3,1.0,0.0,2.15,2020.0,8.0,24178863,23165872.79406268,23211426.18519458,23567595.65,23019975.802953288,3039.999999999956,19887618.957514063,23019975.802953288
1115.0,4.0,3.0,9.0,19.0,10.9,1.0,0.0,6.01,2020.0,6.0,16324559,19331609.571806516,19253160.01293151,18745207.173913043,16712925.269031046,3039.999999999944,19888699.472685583,16712925.269031046
2029.0,5.0,5.0,7.7,23.0,13.3,1.0,0.0,4.73,2020.0,5.0,31900225,27960196.556254875,27926182.783395857,27455044.4,27149641.523227315,3039.999999999937,19891238.031755365,27149641.523227315
1655.0,2.0,1.0,5.0,22.0,22.5,1.0,0.0,9.07,2014.0,10.0,16889153,15420512.274512205,15516782.796060514,16972588.083333332,16595647.616873205,3039.9999999999973,19885876.184827805,16595647.616873205
1718.0,4.0,2.0,10.0,21.0,13.3,0.0,1.0,2.98,2010.0,2.0,28601743,27694628.199183665,27727051.89339493,26199329.93548387,27171391.524547387,3040.00000000016,19888994.720066346,27171391.524547387
2339.0,5.0,4.0,8.1,22.0,13.4,0.0,0.0,2.36,2023.0,11.0,31767399,32650325.18613552,32644989.459953934,34556274.20689655,33827704.236622006,3039.9999999998968,19891366.729466233,33827704.236622006
500.0,1.0,2.0,4.4,13.0,12.8,1.0,0.0,6.79,2014.0,7.0,4546859,1208151.5768479407,1172065.2273389027,4113720.037037037,4261161.831816565,3040.000000000017,19884429.797451798,4261161.831816565
1615.0,4.0,4.0,5.2,30.0,13.6,1.0,1.0,2.94,2017.0,8.0,19640404,16976933.582720015,16897837.18118124,18671378.076923076,16435624.382841595,3039.9999999999854,19888720.887565196,16435624.382841595
1866.0,3.0,3.0,6.1,12.0,13.3,0.0,0.0,2.86,2017.0,9.0,22015038,22152134.54730628,22183201.839642398,20119482.19047619,21416226.68868341,3039.9999999999945,19888529.15364657,21416226.68868341
1105.0,2.0,2.0,7.3,32.0,10.0,1.0,1.0,2.47,2016.0,4.0,14677291,14245974.213281594,14227640.14385674,14638642.523809524,13723034.197935473,3040.0000000000296,19886281.7961043,13723034.197935473
1427.0,2.0,2.0,4.4,16.0,21.1,0.0,1.0,2.23,2016.0,3.0,12531551,12690709.073773596,12731412.210060447,12274421.35,12545838.553692764,3039.9999999999955,19885798.048815906,12545838.553692764
2308.0,4.0,4.0,5.8,7.0,20.3,1.0,0.0,0.67,2011.0,6.0,24032711,27166671.54089203,27202511.475407433,27435610.769230768,26725081.145727344,3040.0000000001123,19889604.217559304,26725081.145727344
1515.0,3.0,3.0,8.0,10.0,13.5,0.0,0.0,3.43,2020.0,1.0,22479560,22259723.005148284,22288926.431059122,21650582.818181816,20743027.403142463,3039.9999999999477,19888441.00122979,20743027.403142463
2297.0,4.0,4.0,5.4,30.0,12.2,0.0,1.0,6.86,2013.0,12.0,24214456,24861722.740458418,24894271.525333516,25799369.28125,25557047.156538147,3040.0000000000427,19890026.761125185,25557047.156538147
1858.0,4.0,4.0,8.3,12.0,3.0,0.0,1.0,2.13,2021.0,6.0,24196554,27682104.68914727,27631130.38960924,25226172.545454547,26932992.340147372,3039.9999999999495,19890605.721564077,26932992.340147372
1336.0,3.0,2.0,10.0,12.0,8.1,0.0,0.0,3.08,2019.0,12.0,23469987,24052254.9213792,24034926.52270775,20987425.692307692,21654160.151176337,3039.9999999999927,19888498.695110686,21654160.151176337
1362.0,2.0,2.0,5.4,15.0,9.5,0.0,0.0,7.8,2017.0,6.0,12445167,13755513.51513238,13796221.261617582,15512679.384615384,14475297.526382456,3039.9999999999636,19886653.939268425,14475297.526382456
2424.0,5.0,4.0,7.7,16.0,4.0,1.0,1.0,6.69,2013.0,3.0,34205762,32237800.151351415,32231664.69865808,30270779.85714286,33015684.856959347,3040.00000000007,19891514.229000684,33015684.856959347
1528.0,3.0,4.0,4.0,42.0,20.3,1.0,1.0,5.14,2022.0,12.0,14290637,12739387.465248551,12700553.61772789,13836251.80952381,13627381.191140734,3039.99999999986,19887519.502355468,13627381.191140734
1979.0,3.0,3.0,7.5,10.0,10.8,1.0,0.0,1.62,2023.0,1.0,31012149,27071994.831023406,27103323.340965655,27455044.4,27885060.26415786,3039.9999999998986,19888980.30711202,27885060.26415786
1799.0,4.0,4.0,8.4,38.0,12.0,0.0,0.0,6.82,2010.0,7.0,21312502,24535367.52216741,24581831.890273243,25226172.545454547,25817300.212153874,3040.0000000001255,19889903.20416271,25817300.212153874
949.0,1.0,1.0,4.3,30.0,14.2,0.0,0.0,6.69,2010.0,8.0,7978460,4827655.316511501,4886489.703136293,8450852.444444444,8492928.690096809,3040.000000000092,19884490.372699883,8492928.690096809
2361.0,4.0,3.0,5.7,44.0,11.2,1.0,0.0,2.02,2015.0,9.0,23325217,25673071.87286715,25701839.466026615,25799369.28125,26233000.33192093,3040.0000000000355,19889362.344752118,26233000.33192093
1341.0,3.0,2.0,4.7,38.0,13.7,0.0,0.0,2.03,2019.0,4.0,10579283,11593889.251190767,11581537.148609638,13638902.5,12770292.464438336,3039.999999999948,19886498.837136067,12770292.464438336
2094.0,4.0,4.0,6.7,28.0,10.3,0.0,1.0,6.33,2016.0,8.0,24238057,25560322.006322537,25578198.600895032,24461516.32142857,25271079.296456337,3040.0000000000005,19890214.493635982,25271079.296456337
2315.0,5.0,5.0,6.0,13.0,10.3,1.0,1.0,2.75,2023.0,3.0,22755813,28751245.779587448,28691361.060249813,27435610.769230768,27929431.911991797,3039.9999999998795,19891254.245691977,27929431.911991797
1966.0,6.0,6.0,8.6,28.0,4.7,1.0,0.0,4.67,2014.0,5.0,30390649,28956417.6639684,28862929.819939733,29194194.04255319,29297519.3078812,3040.000000000069,19892408.836486798,29297519.3078812
1332.0,3.0,2.0,6.1,15.0,6.0,1.0,0.0,7.98,2018.0,7.0,13905045,15253257.809315152,15215370.787170673,15398161.75,15433581.64765773,3039.9999999999523,19887401.79797436,15433581.64765773
860.0,2.0,2.0,8.5,48.0,6.3,1.0,1.0,5.47,2015.0,11.0,11905098,12820536.508222643,12779076.356047846,12501566.965517242,11770230.460103681,3040.0000000000455,19886543.892930843,11770230.460103681
1343.0,2.0,2.0,7.0,10.0,10.2,1.0,1.0,2.51,2018.0,10.0,21023303,17750765.782565713,17722065.860970136,17428407.222222224,17182148.967141606,3039.9999999999886,19886875.764725383,17182148.967141606
1692.0,5.0,4.0,7.7,3.0,1.7,0.0,1.0,1.26,2019.0,1.0,32163783,25088270.352444977,24974575.455455028,21059400.9375,22605894.190895386,3039.999999999989,19890634.954972304,22605894.190895386
1450.0,2.0,1.0,4.5,18.0,12.6,1.0,0.0,6.99,2013.0,9.0,15462440,12289120.679019647,12319891.47583572,12274421.35,13399843.752108369,3040.000000000035,19885711.594214723,13399843.752108369
846.0,2.0,1.0,8.4,20.0,10.6,1.0,0.0,2.32,2019.0,1.0,10992747,14009775.378824964,13991662.04643478,12501566.965517242,12410111.363009851,3039.9999999999804,19885857.02888458,12410111.363009851
2070.0,5.0,4.0,6.1,11.0,14.6,0.0,1.0,1.28,2019.0,11.0,24310577,25725749.224588647,25654193.736608904,22946784.169491526,24456536.889998194,3039.999999999963,19890441.099376645,24456536.889998194
2158.0,5.0,4.0,5.8,17.0,16.1,1.0,0.0,5.61,2019.0,1.0,23056005,25386602.104913097,25378094.148940783,24792279.871794872,24768619.33281943,3039.999999999932,19890218.34042907,24768619.33281943
1373.0,3.0,2.0,7.2,12.0,3.5,0.0,0.0,0.5,2010.0,12.0,21918087,18135864.578734487,18088780.021587674,17428407.222222224,17633476.638459,3040.0000000001633,19887869.93339805,17633476.638459
2030.0,4.0,3.0,5.5,28.0,16.3,1.0,0.0,8.22,2014.0,1.0,20214215,21619715.422313754,21672897.25119139,21656145.23809524,22358241.01147028,3040.0000000000105,19888693.346832376,22358241.01147028
1778.0,4.0,3.0,5.6,6.0,14.3,1.0,0.0,2.87,2017.0,5.0,21259428,20641676.308177046,20603573.337390523,20649704.620689657,20169577.55494442,3039.999999999988,19888635.059957616,20169577.55494442
2181.0,6.0,4.0,8.1,21.0,3.8,0.0,0.0,4.84,2014.0,1.0,35154898,30266968.999895576,30230273.044034954,30787694.533333335,30103163.679113064,3040.0000000000646,19891810.24651151,30103163.679113064
1750.0,3.0,2.0,8.3,9.0,4.2,0.0,0.0,0.5,2010.0,12.0,25585288,25044400.094162785,25049834.810862835,25226172.545454547,25796279.29614546,3040.0000000001714,19888662.865983136,25796279.29614546
1210.0,3.0,3.0,8.6,14.0,15.9,0.0,1.0,2.17,2023.0,6.0,18588256,20142352.874458797,20106899.029191967,16209812.5,17367507.08059661,3039.999999999901,19888088.17737358,17367507.08059661
2271.0,4.0,4.0,8.1,26.0,5.4,1.0,1.0,3.07,2017.0,1.0,30735682,31021415.78169371,31036279.677562088,34556274.20689655,31300341.08417973,3040.000000000016,19890714.35221738,31300341.08417973
2259.0,5.0,4.0,8.1,21.0,1.4,0.0,0.0,5.07,2010.0,7.0,36375845,30661004.017288134,30660898.44271511,30787694.533333335,30273210.98436036,3040.000000000144,19891553.811942153,30273210.98436036
1212.0,2.0,2.0,7.3,17.0,18.4,0.0,1.0,6.69,2022.0,2.0,15812832,16355471.874228474,16403413.862800632,16209812.5,16214226.617985893,3039.99999999988,19886546.496647935,16214226.617985893
576.0,2.0,1.0,6.2,13.0,17.8,1.0,1.0,3.48,2019.0,7.0,7262894,6579330.43687617,6498749.575980645,6432568.714285715,6585270.586804138,3039.999999999949,19884704.54898591,6585270.586804138
2756.0,4.0,3.0,8.6,11.0,7.6,1.0,0.0,4.33,2022.0,2.0,40730079,38508664.30419114,38595938.34832659,39535490.058823526,39250850.071345784,3039.9999999999136,19891100.487510152,39250850.071345784
1756.0,3.0,3.0,3.8,22.0,13.4,0.0,0.0,4.06,2018.0,5.0,15141073,15463757.638781264,15484325.557412831,15629419.103448275,15746262.407575632,3039.999999999948,19887605.18648779,15746262.407575632
1927.0,4.0,3.0,5.5,30.0,8.5,1.0,0.0,4.96,2014.0,3.0,22689890,20584268.378858842,20580847.13626706,20886841.23529412,20461929.75083354,3040.000000000038,19888858.22765238,20461929.75083354
953.0,1.0,1.0,4.3,25.0,27.5,1.0,1.0,3.93,2011.0,2.0,7350541,5424882.187807009,5484291.073068904,8450852.444444444,8476719.84085686,3040.0000000000746,19883871.918928184,8476719.84085686
1428.0,3.0,2.0,6.7,19.0,16.6,0.0,0.0,6.6,2019.0,1.0,18077844,17475949.93079647,17520725.47508586,16970714.083333332,17376484.88988057,3039.9999999999345,19887231.353052165,17376484.88988057
1771.0,3.0,3.0,7.2,29.0,3.2,0.0,1.0,3.92,2018.0,12.0,17976240,22636300.487943552,22621699.14676309,22467712.95652174,22470297.857633308,3039.9999999999886,19889040.149927616,22470297.857633308
1947.0,5.0,2.0,3.3,73.0,24.1,0.0,1.0,1.77,2021.0,11.0,14425392,14705638.792722672,14668180.61074559,18535646.80952381,16170682.959077803,3039.999999999888,19887676.931896675,16170682.959077803
1479.0,3.0,2.0,7.2,29.0,8.1,0.0,1.0,2.22,2023.0,9.0,19407919,19399457.157347944,19362138.965551324,19966895.90909091,19535540.177035287,3039.9999999998968,19887828.668179344,19535540.177035287
945.0,2.0,2.0,3.3,8.0,21.9,1.0,0.0,1.51,2021.0,5.0,8746870,5474674.331299759,5425260.670729356,6659903.0,6937097.495100696,3039.999999999893,19884977.543551866,6937097.495100696
2308.0,5.0,4.0,7.7,21.0,8.1,1.0,1.0,5.8,2014.0,6.0,30379260,30733899.191792637,30714707.087680593,30270779.85714286,31280056.989332322,3040.000000000052,19891298.469773065,31280056.989332322
2015.0,4.0,2.0,4.2,14.0,22.5,0.0,1.0,1.47,2010.0,8.0,18832724,19440278.602723844,19452691.85888084,19094015.59090909,19411841.0362703,3040.000000000112,19887670.10754318,19411841.0362703
1343.0,2.0,2.0,6.2,6.0,17.2,0.0,1.0,4.37,2020.0,3.0,16767402,16186923.568571562,16219023.374559611,15398161.75,15347271.933092535,3039.9999999999245,19886493.004866492,15347271.933092535
500.0,1.0,2.0,8.3,16.0,11.6,1.0,0.0,6.78,2017.0,6.0,7785348,9479326.822229704,9473085.448237088,7212009.625,6959964.8360924125,3039.9999999999923,19885440.018433332,6959964.8360924125
1635.0,3.0,3.0,6.9,26.0,10.9,1.0,1.0,4.93,2015.0,2.0,20680817,20201623.978747983,20210107.19409393,19792090.173913043,20286368.710741397,3040.000000000029,19888115.075673483,20286368.710741397
1408.0,3.0,3.0,5.5,34.0,16.4,0.0,1.0,4.17,2014.0,11.0,14586305,14119367.547242232,14104555.57133479,15788654.46511628,14527983.307881515,3040.000000000037,19887334.713944968,14527983.307881515
1092.0,3.0,2.0,5.4,29.0,10.0,0.0,0.0,2.1,2022.0,12.0,11833261,10887919.769313999,10807191.536631038,10661830.4,10995889.527258303,3039.9999999999004,19886769.136360716,10995889.527258303
1521.0,4.0,4.0,5.0,35.0,19.5,0.0,1.0,3.13,2023.0,9.0,16591774,15554917.631299421,15492707.035517387,14383623.42857143,14717716.958519774,3039.9999999998613,19888444.28531984,14717716.958519774
1107.0,3.0,2.0,7.9,14.0,10.3,1.0,0.0,2.1,2011.0,4.0,14942132,16282813.569654848,16242171.841659896,15422102.7,15081809.78964509,3040.0000000001323,19887097.626450814,15081809.78964509
1264.0,4.0,3.0,7.8,36.0,7.1,0.0,0.0,3.76,2022.0,9.0,16917031,17979608.193316955,17903525.777266514,16299237.027027028,17002461.88825723,3039.9999999999127,19888797.09672314,17002461.88825723
1132.0,2.0,2.0,4.7,10.0,21.7,0.0,0.0,4.03,2012.0,1.0,8984748,9622380.344084544,9671946.150582468,11174567.5,11198941.268405609,3040.0000000000637,19885495.280530345,11198941.268405609
500.0,1.0,2.0,4.7,5.0,13.4,0.0,0.0,0.5,2018.0,3.0,5696992,2933061.9104265496,2891948.6273164935,4113720.037037037,4797950.86685856,3039.999999999978,19884712.382182855,4797950.86685856
1367.0,3.0,3.0,7.6,10.0,16.0,1.0,1.0,2.04,2023.0,8.0,17001111,20150360.19965686,20092579.769690644,17428407.222222224,18520593.47756673,3039.999999999893,19887980.709505603,18520593.47756673
1777.0,4.0,3.0,8.6,26.0,1.0,0.0,0.0,5.46,2015.0,10.0,24932072,25637096.37652243,25620535.91574792,28644810.85714286,27158196.656555545,3040.0000000000505,19890054.69503187,27158196.656555545
2197.0,4.0,3.0,6.8,63.0,3.3,1.0,0.0,2.31,2017.0,5.0,26108946,25213314.095958546,25230068.287864946,28194452.045454547,27219201.161904857,3040.000000000012,19889456.017921034,27219201.161904857
2262.0,4.0,3.0,9.1,37.0,2.6,1.0,1.0,4.74,2015.0,3.0,31959994,31964796.540015094,31996025.578798175,30787694.533333335,32715620.66611236,3040.000000000056,19890436.11540413,32715620.66611236
1989.0,3.0,2.0,1.9,18.0,15.5,1.0,0.0,8.65,2011.0,7.0,13282605,13376567.010238802,13423255.172218055,14044329.81081081,13883091.92984956,3040.000000000038,19886848.81910914,13883091.92984956
2759.0,5.0,4.0,6.1,17.0,6.7,0.0,0.0,3.65,2021.0,8.0,36730064,33443561.70941244,33463614.603158854,32123273.555555556,33511357.181064807,3039.9999999999177,19891783.73689238,33511357.181064807
1729.0,3.0,4.0,4.5,33.0,17.4,0.0,1.0,5.34,2010.0,12.0,15986988,15711093.51736539,15732304.572176997,15629419.103448275,16779828.90389793,3040.0000000000978,19888083.03753867,16779828.90389793
1042.0,3.0,2.0,7.7,14.0,4.9,1.0,0.0,6.2,2017.0,3.0,15723475,15288845.159955401,15234005.122422349,14776566.136363637,14297407.184794016,3039.999999999996,19887335.209955912,14297407.184794016
1675.0,3.0,2.0,4.7,14.0,17.6,0.0,0.0,2.77,2014.0,4.0,18094224,16343187.877983242,16379812.515953481,18535646.80952381,17416547.583582703,3040.0000000000364,19886935.673266076,17416547.583582703
2015.0,5.0,3.0,4.4,43.0,16.7,1.0,0.0,6.17,2022.0,4.0,19127706,19347393.481243283,19319545.171796255,20413472.405405406,20036856.709554315,3039.9999999998586,19888906.46945308,20036856.709554315
1559.0,3.0,3.0,9.6,25.0,5.3,1.0,0.0,5.47,2020.0,7.0,29590530,25329069.137030214,25330790.133751187,25716074.65,24142639.569972564,3039.9999999999577,19889157.746559855,24142639.569972564
1419.0,2.0,2.0,7.5,43.0,5.3,0.0,1.0,3.88,2014.0,3.0,16800928,17533446.81625028,17580543.624651447,18901671.458333332,18008607.25800887,3040.000000000066,19887081.01293419,18008607.25800887
2148.0,4.0,3.0,4.6,36.0,15.3,1.0,1.0,5.01,2010.0,7.0,16391263,20760693.310306184,20776531.278931018,20413472.405405406,20259309.002409507,3040.0000000001014,19888579.48431687,20259309.002409507
1572.0,3.0,3.0,2.2,31.0,23.8,1.0,1.0,4.26,2016.0,12.0,9828474,9402896.70632133,9369170.821331738,11704231.851851853,11125831.68952914,3039.9999999999627,19886437.523622222,11125831.68952914
1989.0,3.0,4.0,5.7,16.0,13.8,1.0,1.0,3.39,2014.0,7.0,23447982,22652873.003158547,22668183.171644997,20886841.23529412,22003133.9605177,3040.000000000045,19888918.317230765,22003133.9605177
1475.0,3.0,3.0,3.8,5.0,23.2,0.0,1.0,1.91,2014.0,12.0,14892810,12975733.239760574,12942765.24043237,14838220.55,13351999.314368991,3040.0000000000296,19886979.68352994,13351999.314368991
1198.0,3.0,2.0,5.8,24.0,11.4,1.0,1.0,0.5,2016.0,12.0,14481084,13032444.240057822,12932297.964424262,12379241.371428572,12676320.180587303,3040.0000000000277,19886731.63860589,12676320.180587303
1447.0,2.0,3.0,7.7,15.0,17.0,0.0,1.0,2.15,2011.0,11.0,16356367,19859468.059913397,19899541.790473193,18901671.458333332,18843418.647237398,3040.000000000125,19887491.579401053,18843418.647237398
1435.0,2.0,2.0,7.3,14.0,13.0,0.0,0.0,8.29,2018.0,7.0,19164818,18688319.109435257,18761695.219354443,18901671.458333332,18318648.341132272,3039.9999999999536,19887168.611918002,18318648.341132272
2473.0,5.0,3.0,7.3,25.0,13.8,1.0,1.0,3.44,2023.0,3.0,32615907,32167662.44678613,32167058.806593455,36649673.76923077,32607666.754841838,3039.999999999882,19890575.373332687,32607666.754841838
2303.0,5.0,5.0,5.6,18.0,12.3,0.0,1.0,5.5,2013.0,4.0,24430195,26532659.249171287,26529803.764125466,25799369.28125,26288792.608430468,3040.0000000000514,19891133.942809053,26288792.608430468
1496.0,3.0,3.0,6.7,36.0,13.3,0.0,0.0,6.25,2020.0,2.0,19097470,17747449.81651193,17788635.52840921,19966895.90909091,18468523.437162753,3039.9999999999204,19887920.5998021,18468523.437162753
2113.0,4.0,3.0,6.2,15.0,18.9,1.0,1.0,7.38,2018.0,9.0,22339945,25236967.689138003,25251503.729820095,26414813.1,25203809.559436515,3039.9999999999427,19889182.230351906,25203809.559436515
2510.0,6.0,4.0,7.4,12.0,9.3,1.0,1.0,3.91,2015.0,8.0,30719083,33420354.80584804,33357744.765612956,36649673.76923077,34129975.36857054,3040.00000000004,19892031.155890703,34129975.36857054
1683.0,3.0,2.0,6.1,22.0,16.1,0.0,0.0,1.85,2021.0,2.0,20438703,19544587.296400823,19582240.20408,21203234.4,19256998.619129196,3039.999999999919,19887405.12775342,19256998.619129196
993.0,2.0,2.0,7.4,18.0,4.2,1.0,0.0,4.6,2021.0,6.0,13434495,14040454.05081125,13996899.654043438,12241864.555555556,12568647.722822426,3039.9999999999272,19886704.07378111,12568647.722822426
2322.0,5.0,4.0,7.0,42.0,6.3,1.0,1.0,3.58,2014.0,2.0,30412060,28466382.379303176,28450531.64900275,30270779.85714286,29931020.97184784,3040.0000000000605,19890820.070488706,29931020.97184784
2563.0,5.0,4.0,7.6,7.0,5.9,0.0,1.0,6.12,2015.0,2.0,37554105,34276408.05551714,34303987.90813563,36649673.76923077,35391148.86990941,3040.000000000032,19891771.901983272,35391148.86990941
1371.0,1.0,1.0,6.0,11.0,7.3,1.0,0.0,2.5,2014.0,9.0,14761744,15040271.447064625,15075156.083158374,15788654.46511628,15697493.794727523,3040.000000000061,19885686.84422565,15697493.794727523
1554.0,3.0,2.0,10.0,17.0,7.3,1.0,0.0,2.82,2020.0,10.0,29781431,26477592.597887553,26465780.038922332,25716074.65,24711623.525416948,3039.9999999999754,19888661.89994158,24711623.525416948
2335.0,3.0,3.0,5.7,18.0,20.2,1.0,0.0,6.34,2019.0,8.0,29294980,26414964.893484868,26513929.849389814,25799369.28125,26255520.29153461,3039.999999999924,19888721.491074905,26255520.29153461
1586.0,4.0,3.0,4.6,15.0,13.3,0.0,0.0,5.73,2015.0,1.0,11529596,15410688.720155032,15397002.322491355,14838220.55,15213111.394479947,3040.0000000000023,19888127.14642622,15213111.394479947
2532.0,5.0,4.0,2.7,20.0,33.1,1.0,1.0,3.79,2012.0,10.0,20033303,22763928.692512106,22783247.11614112,19426701.4,19605390.60992973,3040.000000000036,19889065.051791027,19605390.60992973
